Date,Brent,EUR_USD,Emerging_Markets,MOEXBC,RGBITR_YIELD,Russia_ETF,Treas_4M,USD_RUB,USD_Repo,VOL_USD,percent_change
2019-08-28,60.5,1.10745,39.439998626708984,18106.96,7.14,21.8700008392334,1.940000057220459,66.8,2.08,183442208685.0,0.6137741461761478
2019-08-27,58.7,1.1089799999999999,39.33000183105469,17973.86,7.17,21.719999313354492,1.9429999589920044,66.4425,2.09,169679385410.0,0.4649580403719518
2019-08-26,59.16,1.10978,39.2599983215332,18015.13,7.16,21.860000610351562,1.9329999685287476,66.07,2.1,128214835950.0,0.15158405335757819
2019-08-23,58.78,1.11348,39.04999923706055,18058.85,7.15,21.739999771118164,1.9099999666213991,65.985,2.11,216338779297.5,0.5562328558366273
2019-08-22,59.89,1.1079999999999999,39.63999938964844,18186.19,7.15,22.079999923706055,1.937999963760376,65.6,2.09,170162834795.0,-0.37208595945023093
2019-08-21,60.75,1.1083399999999999,40.15999984741211,18175.77,7.17,22.0,1.9279999732971191,65.75,2.13,150541731292.5,-0.9042954031650254
2019-08-20,59.47,1.10978,39.77999877929688,18163.9,7.25,21.75,1.8999999761581416,66.565,2.14,181733223890.0,-0.5527750803017921
2019-08-19,59.34,1.1079,39.70000076293945,17967.06,7.28,21.530000686645508,1.8530000448226929,66.89,2.09,197284215952.5,0.8442635308306985
2019-08-16,58.68,1.10896,39.540000915527344,17713.12,7.26,21.469999313354492,1.8229999542236328,66.52,2.07,159026838090.0,0.7230192678956612
2019-08-15,58.1,1.1107,39.0,17768.91,7.28,21.600000381469727,1.843000054359436,66.0575,2.06,260061852435.0,0.4867845598022551
2019-08-14,58.72,1.1134,38.7400016784668,17858.45,7.27,21.739999771118164,1.9079999923706052,66.015,2.06,288409582572.5,1.5420111517015924
2019-08-13,60.99,1.11714,39.88999938964844,18202.83,7.27,22.40999984741211,1.955000042915344,64.93,2.05,276261920565.0,-1.1193177491814503
2019-08-12,58.43,1.12124,39.38999938964844,18252.26,7.27,22.31999969482422,1.9279999732971191,65.405,2.04,151243950407.5,0.21834897529208705
2019-08-09,58.67,1.1203,39.86999893188477,18184.0,7.24,22.3799991607666,1.950000047683716,65.2825,2.06,160518586822.5,0.2995966967543586
2019-08-08,57.53,1.11794,40.27999877929688,18312.14,7.23,22.690000534057607,1.9700000286102293,65.045,2.05,133748636807.5,-0.2300789937878541
2019-08-07,56.42,1.1203,39.790000915527344,18141.7,7.25,22.56999969482422,1.968000054359436,65.3325,2.04,222647180027.5,0.2801227935533236
2019-08-06,59.62,1.1204,39.61000061035156,18223.23,7.26,22.53000068664551,1.995000004768372,65.2725,2.03,160801903355.0,-0.03828630498871425
2019-08-05,60.62,1.1199,39.04999923706055,17966.4,7.3,22.200000762939453,1.9529999494552608,65.53,2.28,239545455577.5,0.3176547131539608
2019-08-02,62.13,1.11048,40.54999923706055,18161.63,7.35,22.56999969482422,2.0,65.2725,2.26,317261953105.0,0.8848531684698467
2019-08-01,63.39,1.10868,40.95000076293945,18596.14,7.26,22.959999084472656,2.0299999713897705,64.355,2.28,229201440320.0,0.921315717254096
2019-07-31,65.02,1.1078,41.77000045776367,18672.57,7.25,23.51000022888184,2.0299999713897705,63.625,2.31,143796624557.5,0.2876620561926113
2019-07-30,64.05,1.11534,42.290000915527344,18619.38,7.25,23.6200008392334,2.039999961853028,63.5075,2.31,141965847230.0,0.07879289288105765
2019-07-29,63.16,1.11446,42.61999893188477,18556.1,7.25,23.71999931335449,2.049999952316284,63.4325,2.28,94190541025.0,-0.039396446440540016
2019-07-26,63.66,1.1129,42.70000076293945,18487.09,7.21,23.63999938964844,2.062999963760376,63.3675,2.3,122324270067.5,0.3801829630509713
2019-07-25,63.56,1.11395,42.61000061035156,18323.04,7.17,23.6200008392334,2.059999942779541,63.2375,2.35,164524706022.5,0.019770660340048613
2019-07-24,63.65,1.1136,42.9900016784668,18203.6,7.22,23.56999969482422,2.039999961853028,63.2975,2.34,141891858932.5,0.2018363147063444
2019-07-23,63.08,1.11535,42.91999816894531,18349.99,7.25,23.739999771118164,2.032999992370605,63.16,2.35,135807108177.5,-0.05933779026069294
2019-07-22,63.17,1.1208,42.86999893188477,18216.37,7.28,23.540000915527344,2.025000095367432,63.095,2.25,95371393507.5,0.09915519771546424
2019-07-19,61.77,1.12144,42.86000061035156,18323.28,7.33,23.65999984741211,2.013000011444092,63.055,2.28,99176913780.0,0.3142027602115865
2019-07-18,61.43,1.1273799999999998,43.08000183105469,18337.25,7.35,23.88999938964844,2.013000011444092,62.8075,2.29,120654280110.0,-0.07557075809402503
2019-07-17,64.18,1.12228,42.81999969482422,18413.87,7.34,23.709999084472656,2.0729999542236333,62.935,2.28,113988844000.0,-0.08731544689633229
2019-07-16,66.66,1.12076,42.95000076293945,18677.56,7.34,23.75,2.1029999256134038,63.045,2.28,145037793567.5,0.5382131324004282
2019-07-15,66.65,1.1255600000000001,43.0099983215332,18667.46,7.33,23.93000030517578,2.0850000381469727,62.67,2.31,103097750372.5,-0.5711565920989995
2019-07-12,66.83,1.1267399999999999,42.849998474121094,18848.41,7.32,23.920000076293945,2.0899999141693115,62.9775,2.32,119986432022.5,0.11127449032309387
2019-07-11,67.01,1.12516,42.81999969482422,18958.61,7.28,23.93000030517578,2.0980000495910645,62.815,2.39,128019283450.0,-0.28573696325105125
2019-07-10,66.33,1.12516,42.900001525878906,19184.83,7.3,24.1200008392334,2.1300001144409184,63.18,2.4,150976564207.5,-1.0570824524312854
2019-07-09,64.29,1.12058,42.540000915527344,19172.05,7.33,23.81999969482422,2.1949999332427983,63.915,2.25,146086307850.0,0.3060263653483997
2019-07-08,64.56,1.121,42.66999816894531,19140.08,7.34,24.0,2.177999973297119,63.695,2.25,89925923905.0,-0.3169138072694559
2019-07-05,64.09,1.1227,42.93000030517578,19251.21,7.33,23.85000038146973,2.163000106811523,63.8025,2.25,161200317892.5,0.5159511618747548
2019-07-03,62.99,1.1277700000000002,43.22999954223633,19179.89,7.37,23.95999908447266,2.150000095367432,63.32,2.25,178340192110.0,-0.07495956128930356
2019-07-02,62.78,1.1286200000000002,43.31000137329102,19084.04,7.36,23.78000068664551,2.148000001907349,63.32,2.25,154489370862.5,0.4919853991429968
2019-07-01,64.85,1.12851,43.41999816894531,19043.55,7.36,23.8799991607666,2.065000057220459,62.96,2.25,151707533757.5,0.04369761252135766
2019-06-28,65.61,1.1365,42.90999984741211,18763.64,7.4,23.6299991607666,2.035000085830688,63.24,2.25,139713650162.5,0.14251781472684627
2019-06-27,65.36,1.1366,42.97000122070312,18852.76,7.42,23.82999992370605,2.085000038146973,63.0725,2.33,135184760942.5,-0.2056880661366284
2019-06-26,65.75,1.1362,42.66999816894531,18841.37,7.42,23.82999992370605,2.092999935150146,63.0725,2.25,174337142140.0,0.3540175019888569
2019-06-25,64.56,1.1371,42.27000045776367,18654.63,7.38,23.54999923706055,2.08299994468689,62.835,2.26,163229187355.0,0.3673827969012123
2019-06-24,63.69,1.1396,42.709999084472656,18719.65,7.39,23.79999923706055,2.0580000877380367,62.6,2.26,143463754177.5,-0.6270338915786904
2019-06-21,64.48,1.1368,42.77000045776367,18728.82,7.41,23.65999984741211,2.0550000667572017,63.025,2.26,215318636877.5,-0.17422982497822034
2019-06-20,63.54,1.12885,42.90999984741211,18876.54,7.35,23.81999969482422,2.0780000686645512,62.89,2.27,219852985345.0,-1.2754601467760291
2019-06-19,61.35,1.12266,42.290000915527344,18724.1,7.45,23.28000068664551,2.125,63.785,2.26,135848562165.0,-0.499181031120829
2019-06-18,61.64,1.1197,41.93999862670898,18747.41,7.56,23.25,2.167999982833862,64.02,2.25,173355235327.5,-0.3114294612270365
2019-06-17,60.97,1.1216,40.95000076293945,18540.65,7.57,22.89999961853027,2.138000011444092,64.32,2.25,127640059505.0,-0.08931691973127964
2019-06-14,62.1,1.12055,40.78899765014648,18594.47,7.61,22.79000091552734,2.125,64.38,2.26,147659328962.5,-0.2594988186994136
2019-06-13,61.35,1.12714,41.245521545410156,18752.39,7.64,22.86000061035156,2.1400001049041752,64.58,2.26,116960772582.5,-0.17004173751738974
2019-06-11,62.12,1.1329,41.7615852355957,18726.01,7.62,22.79000091552734,2.213000059127808,64.5575,2.26,130541083932.5,-0.08125677139760855
2019-06-10,62.33,1.13168,41.29513931274414,18686.22,7.64,22.45999908447266,2.220000028610229,64.78,2.31,113487066437.5,-0.07712478790682888
2019-06-07,63.36,1.13345,40.86839294433594,18588.37,7.67,22.31999969482422,2.214999914169312,64.805,2.3,146831119055.0,-0.44932601098350905
2019-06-06,62.25,1.12676,40.55081558227539,18585.21,7.7,22.229999542236328,2.255000114440918,65.085,2.3,125538483110.0,-0.4550147210645042
2019-06-05,60.65,1.122,40.53096771240234,18408.07,7.75,22.0,2.285000085830688,65.395,2.31,190509619307.5,0.3144654088050289
2019-06-04,61.42,1.1253,40.85846710205078,18445.02,7.82,22.04999923706055,2.295000076293945,65.165,2.31,159459703765.0,-0.28309104820197106
2019-06-03,60.79,1.12418,40.7691535949707,18644.95,7.85,22.07999992370605,2.279999971389771,65.34,2.29,151527146405.0,-0.26711440128214475
2019-05-31,61.68,1.11666,40.40195083618164,18134.33,7.83,21.63999938964844,2.292999982833862,65.43,2.31,182742684870.0,-0.03819417920707582
2019-05-30,66.46,1.11284,40.26300811767578,18087.47,7.84,21.70000076293945,2.309999942779541,65.17,2.31,153112283487.5,0.3271369741754312
2019-05-29,69.72,1.11326,40.04467391967773,17938.14,7.88,21.73999977111816,2.29800009727478,64.97,2.34,174342106617.5,0.1811803708415136
2019-05-28,70.07,1.11619,39.78664016723633,17693.94,7.85,21.38999938964844,2.29800009727478,64.715,2.34,159432428142.5,0.3644540942928031
2019-05-24,69.31,1.12046,39.64770126342773,17781.16,7.85,21.6200008392334,2.288000106811523,64.4725,2.33,116583738662.5,-0.2050924851017837
2019-05-23,67.92,1.1176,39.60800552368164,17815.26,7.85,21.39999961853027,2.302999973297119,64.855,2.33,217306743272.5,0.5542850498081348
2019-05-22,70.83,1.11525,40.12406921386719,17952.58,7.82,21.70000076293945,2.3199999332427983,64.39,2.34,144511322935.0,-0.077591558038481
2019-05-21,72.06,1.11605,40.32255554199219,17800.56,7.91,21.55999946594238,2.329999923706055,64.41,2.34,114595438320.0,-0.2091564025098848
2019-05-20,72.1,1.11648,39.81641387939453,17445.12,7.93,21.20999908447266,2.3199999332427983,64.525,2.36,104094068210.0,-0.2627714661101901
2019-05-17,72.1,1.1155,39.985130310058594,17500.7,7.97,21.13999938964844,2.329999923706055,64.7775,2.36,104512276697.5,0.11978361669242744
2019-05-16,72.86,1.1172,40.71952819824219,17528.29,8.01,21.229999542236328,2.338000059127808,64.65,2.34,117221863957.5,-0.030926240915410574
2019-05-15,71.95,1.11996,40.91801452636719,17305.71,8.06,21.17000007629395,2.3499999046325684,64.65,2.38,166865091727.5,-0.4618937644341757
2019-05-14,70.92,1.12,40.838623046875,17361.79,8.08,21.13999938964844,2.352999925613404,64.97,2.36,151839220462.5,-0.6119014838611071
2019-05-13,69.87,1.1226,40.27293395996094,16936.19,8.09,20.65999984741211,2.3499999046325684,65.43,2.38,159430269505.0,0.02293052052281673
2019-05-10,70.8,1.12335,41.66233825683594,16967.69,8.08,20.93000030517578,2.369999885559082,65.075,2.4,62401343072.5,0.0076840325803129925
2019-05-08,70.24,1.1199,42.07916259765625,17158.31,8.07,21.15999984741211,2.369999885559082,65.0725,2.4,148208400277.5,-0.401775464911592
2019-05-07,69.65,1.11908,42.13870620727539,17286.95,8.08,21.15999984741211,2.368000030517578,65.4075,2.41,133572949765.0,0.2605863192182437
2019-05-06,71.55,1.11965,42.982276916503906,17412.0,8.09,21.39999961853027,2.36299991607666,65.2275,2.41,121531336322.5,-0.1989060169070045
2019-05-03,70.89,1.12,43.88539123535156,17419.14,8.06,21.55999946594238,2.368000030517578,65.0775,2.39,57250423785.0,-2.8694029850746263
2019-05-02,70.49,1.1174,43.36932754516602,17384.73,8.05,21.32999992370605,2.372999906539917,65.4375,2.39,78007862195.0,0.7350677339901575
2019-04-30,71.61,1.122,43.59758377075195,17266.96,8.07,21.54000091552734,2.368000030517578,64.6225,2.39,168874921380.0,0.015476881408404124
2019-04-29,72.06,1.1177,43.63728332519531,17345.68,8.12,21.54000091552734,2.359999895095825,64.4575,2.37,98492502940.0,-0.4478937410710935
2019-04-26,71.59,1.115,43.54796600341797,17286.76,8.17,21.42000007629395,2.359999895095825,64.735,2.36,136298172930.0,0.1314771848414443
2019-04-25,74.29,1.113,43.379249572753906,17279.97,8.19,21.48999977111816,2.365000009536743,64.655,2.39,214587231942.5,0.2714019851116581
2019-04-24,74.51,1.1156,43.43879699707031,17428.23,8.17,21.61000061035156,2.375,64.3225,2.37,187598640202.5,0.7163548109293089
2019-04-23,74.39,1.1224,44.03425598144531,17487.85,8.17,21.96999931335449,2.390000104904175,63.6875,2.37,116806233962.5,-0.2545027407987493
2019-04-22,74.13,1.12565,43.93501281738281,17445.28,8.14,21.96999931335449,2.375,63.82,2.42,84556726165.0,-0.08610567514677059
2019-04-18,71.98,1.12312,44.22282028198242,17276.3,8.15,21.729999542236328,2.365000009536743,63.8925,2.44,135982998275.0,-0.019560284797751102
2019-04-17,71.65,1.12936,44.25259017944336,17339.05,8.12,21.79000091552734,2.380000114440918,63.845,2.28,124835080882.5,-0.3861606272184768
2019-04-16,71.94,1.12832,44.123573303222656,17270.27,8.14,21.69000053405762,2.378000020980835,64.09,2.28,144036847060.0,-0.3498406281582746
2019-04-15,71.26,1.13032,43.79607391357422,17176.28,8.12,21.44000053405762,2.359999895095825,64.26,2.28,98389274710.0,0.3239530072987163
2019-04-12,71.52,1.1294,44.024330139160156,17268.89,8.1,21.45000076293945,2.375,64.35,2.28,136384290095.0,-0.23642494476958786
2019-04-11,70.95,1.1253,43.70675277709961,17216.0,8.11,21.35000038146973,2.365000009536743,64.61,2.31,143457641262.5,0.44696645808231067
2019-04-10,71.62,1.12714,44.18312072753906,17405.2,8.14,21.64999961853027,2.36299991607666,64.2925,2.32,149860575582.5,-0.9398713454797571
2019-04-09,70.84,1.12636,43.97471237182617,17339.97,8.16,21.40999984741211,2.365000009536743,64.92,2.34,168690873695.0,0.12338062924120648
2019-04-08,71.13,1.12614,44.06402969360352,17257.83,8.2,21.3799991607666,2.365000009536743,64.8775,2.32,163827311760.0,-0.7989296636085749
2019-04-05,70.47,1.1215,44.06402969360352,17116.98,8.22,21.19000053405762,2.369999885559082,65.34,2.35,125656785015.0,-0.2595023660509872
2019-04-04,69.26,1.12235,43.726600646972656,17067.03,8.26,20.95999908447266,2.369999885559082,65.475,2.33,155743981517.5,0.4757154914447756
2019-04-03,69.4,1.1233799999999998,43.45864486694336,17019.15,8.25,21.020000457763672,2.372999906539917,65.24,2.35,161916368475.0,-0.011494693283278885
2019-04-02,69.39,1.1201,43.16091537475586,16957.02,8.25,21.11000061035156,2.369999885559082,65.2975,2.36,155956792027.5,0.18411261554985164
2019-04-01,69.19,1.12088,43.29985427856445,16907.92,8.24,21.03000068664551,2.3229999542236333,65.1725,2.4,204752996192.5,-0.12260066664112225
2019-03-29,68.38,1.12158,42.5952262878418,16729.6,8.19,20.60000038146973,2.328000068664551,65.6375,2.45,328607649865.0,1.2924382716049472
2019-03-28,67.94,1.1225,42.1585578918457,16703.07,8.19,20.81999969482422,2.369999885559082,64.94,2.38,233733256072.5,0.4485692188708306
2019-03-27,67.81,1.12439,41.88067626953125,16674.05,8.12,20.80999946594238,2.378000020980835,64.835,2.33,223581313967.5,0.6598354292811631
2019-03-26,68.05,1.12654,42.337196350097656,16855.94,8.08,21.1200008392334,2.404999971389771,64.4,2.32,161853323530.0,0.5621486570893183
2019-03-25,67.28,1.13115,42.20817565917969,16753.68,8.08,21.20000076293945,2.390000104904175,64.085,2.36,177809684220.0,-0.8586014851485253
2019-03-22,66.97,1.1296,42.10893630981445,16704.6,8.1,20.89999961853027,2.398000001907349,64.66,2.35,273168275222.5,1.0786306080975419
2019-03-21,67.65,1.13699,43.379249572753906,16820.87,8.06,21.46999931335449,2.407999992370605,63.87,2.35,202852757797.5,0.02349072116514066
2019-03-20,68.35,1.1415,43.31970596313477,16795.27,8.16,21.40999984741211,2.407999992370605,63.8675,2.35,154639544142.5,-0.6455878349473017
2019-03-19,67.63,1.1351,43.25023651123047,16701.09,8.13,21.229999542236328,2.404999971389771,64.39,2.34,181986403725.0,0.0
2019-03-18,67.52,1.13418,43.230384826660156,16622.23,8.17,21.29999923706055,2.384999990463257,64.365,2.33,181710018307.5,-1.9610829747534493
2019-03-15,67.07,1.1323,42.7540168762207,16573.77,8.24,20.8700008392334,2.388000011444092,64.815,2.33,150915795407.5,-1.0420245047520966
2019-03-14,67.12,1.12992,42.13870620727539,16438.64,8.25,20.6200008392334,2.388000011444092,65.5125,2.36,134168295735.0,0.06491522834886815
2019-03-13,67.73,1.133,42.366966247558594,16529.81,8.25,20.63999938964844,2.388000011444092,65.4,2.35,120913455757.5,-0.3390605356394477
2019-03-12,66.84,1.129,42.317344665527344,16524.74,8.25,20.55999946594238,2.394999980926514,65.635,2.37,123887575137.5,-0.2659170338854234
2019-03-11,66.72,1.1242,42.0990104675293,16511.38,8.26,20.48999977111816,2.380000114440918,65.97,2.37,124691272132.5,-0.437669785692735
2019-03-07,66.2,1.11821,41.622642517089844,16589.53,8.27,20.30999946594238,2.394999980926514,66.2825,2.36,151043652787.5,0.6185958254269432
2019-03-06,65.98,1.1308,42.40666580200195,16725.65,8.28,20.6200008392334,2.404999971389771,65.98,2.38,130931307767.5,0.31929451117532
2019-03-05,65.96,1.13074,42.64485168457031,16519.2,8.26,20.6299991607666,2.400000095367432,65.75,2.37,104752911372.5,0.15232292460014366
2019-03-04,65.65,1.1335,42.22802734375,16569.79,8.24,20.5,2.375,65.74,2.37,85293776915.0,-0.2125075895567708
2019-03-01,64.97,1.13635,42.16848373413086,16598.35,8.25,20.44000053405762,2.378000020980835,65.94,2.39,126334160110.0,0.17470565894416235
2019-02-28,66.39,1.13756,42.11885833740234,16638.24,8.26,20.42000007629395,2.382999897003174,65.905,2.44,106692189590.0,-0.13259082471493833
2019-02-27,66.4,1.137,42.67462158203125,16683.33,8.27,20.59000015258789,2.392999887466431,65.79,2.39,116087680495.0,0.06083650190115019
2019-02-26,65.43,1.13915,43.04182052612305,16699.1,8.25,20.76000022888184,2.400000095367432,65.7,2.4,124432141585.0,0.04568296025582631
2019-02-25,64.64,1.13636,43.19068908691406,16718.57,8.22,20.73999977111816,2.392999887466431,65.49,2.4,129814758522.5,0.1529285823520329
2019-02-22,66.97,1.133,42.71432113647461,16676.19,8.26,20.729999542236328,2.392999887466431,65.3925,2.41,119127865987.5,-0.37705667276051535
2019-02-21,66.97,1.13342,42.24787521362305,16543.4,8.27,20.54000091552734,2.394999980926514,65.57,2.41,153539705090.0,-0.2510078344869647
2019-02-20,67.06,1.1343,42.337196350097656,16677.15,8.29,20.71999931335449,2.382999897003174,65.6325,2.42,157320220127.5,-0.21664766248576586
2019-02-19,66.5,1.1342,42.0990104675293,16453.03,8.28,20.54000091552734,2.372999906539917,65.7625,2.42,134742074767.5,-0.8406212303980554
2019-02-15,66.43,1.12965,41.7715072631836,16689.57,8.27,20.46999931335449,2.369999885559082,66.3,2.41,161165415852.5,-0.4878048780487848
2019-02-14,64.74,1.1296,41.8310546875,16470.58,8.36,20.31999969482422,2.372999906539917,66.645,2.41,279548983307.5,0.3236489537859238
2019-02-13,63.73,1.1266,41.75165939331055,16675.75,8.2,20.17000007629395,2.372999906539917,66.515,2.43,175847345650.0,1.2636066072923775
2019-02-12,62.47,1.1335,42.04938888549805,17022.7,8.17,20.8700008392334,2.378000020980835,65.885,2.42,147324550520.0,0.09115077857957048
2019-02-11,61.52,1.12765,41.7020378112793,16853.41,8.14,20.76000022888184,2.375,65.85,2.43,120844023185.0,0.29700708247657176
2019-02-08,62.06,1.1324,41.84097671508789,16789.98,8.14,20.76000022888184,2.365000009536743,65.81,2.43,103741632005.0,-0.3331818870210493
2019-02-07,61.74,1.13449,42.07916259765625,16846.59,8.13,20.8700008392334,2.355000019073486,65.9075,2.41,156400555042.5,0.003793338896893599
2019-02-06,62.73,1.13655,42.50590896606445,17055.53,8.09,21.020000457763672,2.365000009536743,65.87,2.45,128287802227.5,0.3542182441439752
2019-02-05,62.09,1.1414,43.0914421081543,17116.64,8.1,21.34000015258789,2.365000009536743,65.62,2.41,122471887585.0,0.0762543846271334
2019-02-04,62.74,1.14375,42.50590896606445,16935.2,8.12,21.15999984741211,2.335000038146973,65.59,2.54,96134546877.5,-0.007622532205191634
2019-02-01,62.88,1.14615,42.43643569946289,16928.67,8.11,21.1200008392334,2.339999914169312,65.505,2.5,142247714000.0,-0.14101147147376214
2019-01-31,61.13,1.14405,42.77386474609375,16924.6,8.1,21.229999542236328,2.339999914169312,65.4,2.52,270052039865.0,-0.2668699961875671
2019-01-30,61.77,1.14805,42.41659164428711,16857.04,8.23,21.14999961853027,2.365000009536743,65.505,2.5,161630648680.0,-0.9076469253460532
2019-01-29,61.2,1.14332,41.51347732543945,16745.97,8.27,20.69000053405762,2.365000009536743,66.05,2.51,146685011255.0,-0.21904977717349647
2019-01-28,60.08,1.1429,41.44400405883789,16591.26,8.24,20.56999969482422,2.33299994468689,66.26,2.45,182547734640.0,0.9137983551629736
2019-01-25,61.54,1.1412,41.88067626953125,16749.85,8.22,20.73999977111816,2.328000068664551,66.0,2.41,181957688782.5,0.27347310847767675
2019-01-24,61.11,1.1308,41.3348388671875,16636.58,8.21,20.65999984741211,2.3050000667572017,65.7775,2.38,226889442250.0,-0.5555975508352751
2019-01-23,61.18,1.13805,40.93786239624023,16686.16,8.24,20.6200008392334,2.352999925613404,66.0725,2.37,177602590587.5,-0.5980141417180589
2019-01-22,61.55,1.1361,40.52104568481445,16522.48,8.24,20.270000457763672,2.345000028610229,66.535,2.44,159127902425.0,0.16937031879257355
2019-01-18,62.68,1.13625,41.23559188842773,16558.31,8.22,20.51000022888184,2.348000049591064,66.275,2.35,144823433477.5,-0.11303692539561212
2019-01-17,61.27,1.1385,41.03710556030273,16368.09,8.23,20.34000015258789,2.355000019073486,66.37,2.36,197101944175.0,0.08293749528765261
2019-01-16,61.47,1.139,40.85846710205078,16276.52,8.2,20.21999931335449,2.36299991607666,66.3675,2.41,208313495455.0,-0.8330220395965489
2019-01-15,60.66,1.1416,40.36225128173828,16319.88,8.26,20.04999923706055,2.382999897003174,66.96,2.48,144104024852.5,-0.05970149253732278
2019-01-14,59.11,1.14664,40.08436965942383,16329.72,8.31,19.92000007629395,2.359999895095825,67.075,2.54,157700855570.0,-0.007453786523547186
2019-01-11,60.6,1.146,40.42179870605469,16364.96,8.29,20.05999946594238,2.369999885559082,66.875,2.56,166127557840.0,-0.17911784461527658
2019-01-10,61.65,1.1498,40.62028503417969,16311.12,8.35,20.17000007629395,2.375,66.91,2.57,206781362150.0,0.1271979049756734
2019-01-09,61.42,1.155,40.33247756958008,16167.9,8.4,20.05999946594238,2.390000104904175,66.745,2.63,223118391100.0,-0.824665676077255
2019-01-08,58.7,1.14415,39.62785339355469,15997.62,8.5,19.79999923706055,2.400000095367432,66.885,1.5,66532359815.0,0.029911014731190063
2019-01-04,57.36,1.1405,39.38966751098633,16087.85,8.51,19.70999908447266,2.358000040054321,67.74,1.75,88010746665.0,-0.0884955752212423
2019-01-03,55.94,1.1399,38.15905380249023,15834.11,8.53,19.06999969482422,2.355000019073486,68.64,1.75,70407381295.0,-1.0879746379422084
2018-12-28,52.23,1.1455,38.94307708740234,15734.95,8.57,18.75,2.328000068664551,69.5175,3.04,123503214707.5,-0.0035960874568436805
2018-12-27,53.0,1.14335,38.57587051391602,15513.44,8.58,18.5,2.348000049591064,69.56,2.56,208091168895.0,1.0899578549629414
2018-12-26,54.95,1.1339,38.62549209594727,15379.08,8.63,18.84000015258789,2.380000114440918,68.695,2.75,133020922760.0,-0.10905918278319447
2018-12-24,50.61,1.14,37.87124633789062,15472.25,8.61,18.44000053405762,2.33299994468689,68.5825,2.59,150909144635.0,0.13505621258578066
2018-12-21,53.6,1.1361,38.22852325439453,15656.06,8.64,18.6200008392334,2.329999923706055,68.84,2.58,238720004720.0,1.1237605582078598
2018-12-20,54.74,1.1455,38.49647903442383,15694.6,8.62,18.98999977111816,2.335000038146973,68.2925,2.57,251154665585.0,1.24907338769459
2018-12-19,56.68,1.13795,38.19874954223633,15763.47,8.7,18.92299842834473,2.338000059127808,67.46,2.49,253834990927.5,0.4616530156366165
2018-12-18,56.36,1.134,38.84383010864258,15700.13,8.67,18.95154190063477,2.328000068664551,67.2825,2.5,163287391677.5,0.6921580365160217
2018-12-17,58.8,1.1349,38.58182907104492,15778.11,8.64,19.14181900024414,2.339999914169312,66.78,2.48,113261407682.5,0.18001800180018684
2018-12-14,60.11,1.13044,38.94359970092773,15828.44,8.62,19.24646949768066,2.368000030517578,66.76,2.45,169999203610.0,0.4740763037098532
2018-12-13,61.63,1.13593,39.50091171264648,15916.46,8.6,19.55091094970703,2.36299991607666,66.235,2.46,151637015332.5,-0.01886863655232702
2018-12-12,60.2,1.1375,39.51068496704102,15843.31,8.59,19.4177188873291,2.375,66.3825,2.44,135634160517.5,0.0640639131745399
2018-12-11,60.39,1.13215,38.87514877319336,16030.6,8.6,19.30355262756348,2.369999885559082,66.3525,2.43,125884657527.5,-0.34917774273483143
2018-12-10,59.92,1.13515,38.58182907104492,16038.1,8.57,19.37014961242676,2.329999923706055,66.6425,2.53,151621046767.5,0.5772713552671191
2018-12-07,61.52,1.14085,38.99248504638672,16297.22,8.6,19.70313262939453,2.339999914169312,66.395,2.42,225377636132.5,-0.7066213033237534
2018-12-06,60.35,1.13705,39.73556900024414,16133.68,8.63,19.72216033935547,2.352999925613404,66.8675,2.46,218174267722.5,0.1310272536687716
2018-12-04,61.71,1.13381,40.10711288452148,16370.07,8.54,19.57945251464844,2.365000009536743,66.82,2.5,195214923372.5,0.5303343739421402
2018-12-03,62.0,1.1347,40.9773063659668,16356.73,8.52,20.05514526367188,2.288000106811523,66.5275,2.49,173306264970.0,-0.033809166040561604
2018-11-30,59.16,1.13103,40.16577911376953,15965.66,8.59,19.45577430725098,2.308000087738037,66.95,2.49,205315775612.5,0.9803921568627536
2018-11-29,59.34,1.13915,40.20488739013672,16030.95,8.6,19.84584045410156,2.309999942779541,66.21,2.57,259263000792.5,-0.8832335329341369
2018-11-28,58.93,1.1374,40.5568733215332,15900.51,8.7,19.76973152160645,2.335000038146973,66.955,2.48,233570489530.0,0.19453797231574327
2018-11-27,60.53,1.1296,39.60845947265625,15565.49,8.7,19.30355262756348,2.352999925613404,67.1075,2.43,220646822052.5,0.31016442451419435
2018-11-26,60.56,1.13345,39.334693908691406,15321.07,8.78,19.09424781799316,2.342999935150146,67.1025,2.49,280175621712.5,0.8756764882742187
2018-11-23,59.25,1.13324,38.85559844970703,15573.99,8.66,19.45577430725098,2.348000049591064,66.1925,2.52,269935878535.0,0.8417123705057813
2018-11-21,63.37,1.13877,39.31513595581055,15726.53,8.62,19.84584045410156,2.3499999046325684,65.66,2.59,184093497260.0,-0.5151515151515202
2018-11-20,62.36,1.137,38.60138702392578,15620.05,8.61,19.29403877258301,2.335000038146973,66.165,2.59,198847163265.0,0.7115948095437438
2018-11-19,66.98,1.14525,39.45201873779297,15852.82,8.57,20.01708984375,2.299999952316284,65.55,2.6,157556010025.0,-0.6742935070838811
2018-11-16,67.05,1.14131,39.98978042602539,15825.58,8.57,19.98854827880859,2.299999952316284,65.98,2.6,171545359450.0,0.13659128851116015
2018-11-15,66.66,1.1328,39.91156387329102,15889.52,8.59,20.06465911865234,2.309999942779541,65.8975,2.58,210427951662.5,-1.4174582990500488
2018-11-14,66.25,1.13285,39.0413703918457,15858.86,8.74,19.66507720947266,2.325000047683716,67.02,2.58,264399878427.5,-1.6292382210479956
2018-11-13,64.92,1.12815,38.80670928955078,15851.4,8.89,19.25598335266113,2.295000076293945,68.13,2.62,216550417432.5,0.4570923031554148
2018-11-12,69.21,1.1239,38.36672973632812,16022.56,8.84,19.37014961242676,2.299999952316284,67.845,2.59,176897417690.0,0.28824833702881475
2018-11-09,69.77,1.13467,38.91426086425781,16085.57,8.77,19.60799598693848,2.299999952316284,68.005,2.59,226907615440.0,1.7734211313977886
2018-11-08,70.73,1.1359,39.64756774902344,16371.93,8.65,20.05514526367188,2.302999973297119,66.9025,2.64,192732153337.5,1.0611782477341398
2018-11-07,71.94,1.1436,40.70353698730469,16416.17,8.56,20.51180839538574,2.309999942779541,66.32,2.77,176195385415.0,0.2569916855630952
2018-11-06,72.14,1.1411,39.95067596435547,16160.84,8.53,20.27396202087402,2.309999942779541,66.11,2.68,138776648740.0,0.18184573420215874
2018-11-02,72.57,1.13925,39.91156387329102,15908.22,8.52,20.09320068359375,2.273000001907349,66.2025,2.52,190057023580.0,0.8953745332622202
2018-11-01,72.83,1.14058,39.65735244750977,15765.93,8.53,20.10271263122559,2.269999980926514,65.72,2.43,126449225205.0,0.10662604722009622
2018-10-31,74.6,1.1315,38.28850555419922,15723.13,8.52,19.78875732421875,2.278000116348267,65.875,2.4,168848377147.5,0.35801340645947505
2018-10-30,76.27,1.1342,37.87785720825195,15338.72,8.52,19.5604248046875,2.282999992370605,65.56,2.44,146265197320.0,-0.3192945111752984
2018-10-29,76.9,1.13815,37.1543197631836,15486.2,8.5,19.24646949768066,2.259999990463257,65.85,2.44,164658357155.0,0.045578851412946125
2018-10-26,77.72,1.14005,37.80940628051758,15320.31,8.53,19.30355262756348,2.273000001907349,65.72,2.42,179206449540.0,0.09137983551629954
2018-10-25,76.77,1.13725,38.24939346313477,15607.12,8.52,19.66507720947266,2.279999971389771,65.5925,2.46,196225689050.0,-0.07236441194393575
2018-10-24,75.59,1.14008,37.52586364746094,15631.52,8.49,19.4177188873291,2.285000085830688,65.685,2.59,253015467382.5,0.15247388884654806
2018-10-23,76.07,1.14703,38.77737808227539,15377.45,8.46,19.59848213195801,2.289999961853027,65.5125,2.64,206553101922.5,0.21798990362551368
2018-10-22,80.15,1.14646,39.20758438110352,15392.81,8.44,19.70313262939453,2.257999897003174,65.25,2.71,159807278362.5,-0.4424778761062042
2018-10-19,80.0,1.15225,38.78715133666992,15643.83,8.52,19.8648681640625,2.259999990463257,65.49,2.72,138031568595.0,-0.4635610608708972
2018-10-18,79.32,1.1455,38.42538833618164,15876.86,8.51,19.88389587402344,2.255000114440918,65.82,2.75,210070120950.0,0.2589489718202399
2018-10-17,80.29,1.14984,39.46179962158203,16123.87,8.48,20.39764213562012,2.259999990463257,65.4975,2.73,184183592367.5,0.2909313631665547
2018-10-16,81.72,1.1571,39.95067596435547,16182.62,8.49,20.4642391204834,2.259999990463257,65.3075,2.73,154124497495.0,-0.30530855245580835
2018-10-15,80.76,1.15812,38.97292709350586,15980.09,8.6,20.0361156463623,2.230000019073486,65.65,2.85,163032094967.5,-0.5001515610791122
2018-10-12,80.56,1.15576,39.39336013793945,16068.48,8.65,20.13125610351562,2.217999935150146,66.1175,2.94,117817683855.0,-0.1170783291789204
2018-10-11,80.19,1.1595,38.26895141601562,15808.84,8.71,19.61750984191895,2.214999914169312,66.27,3.0,180295164637.5,-0.8935581560549009
2018-10-10,82.48,1.1518,38.66004943847656,16184.97,8.66,19.5604248046875,2.220000028610229,66.9,3.05,172285011337.5,1.2102874432677937
2018-10-09,84.81,1.14915,39.84312057495117,16376.66,8.7,20.1883373260498,2.184999942779541,66.25,3.0,176078692062.5,-0.525525525525517
2018-10-08,83.87,1.1489,39.98978042602539,16453.51,8.68,20.20736503601074,2.164999961853027,66.5575,3.01,154124173280.0,-0.3965730105877519
2018-10-05,83.92,1.15172,39.93111801147461,16427.85,8.58,20.1693115234375,2.164999961853027,66.5975,3.01,215692567192.5,-0.4558872986809264
2018-10-04,84.75,1.1513,40.077781677246094,16506.1,8.52,19.91243743896484,2.170000076293945,67.0175,3.1,265875024615.0,1.2540132200188832
2018-10-03,85.9,1.14765,41.10441589355469,16715.42,8.39,20.51180839538574,2.170000076293945,65.8625,3.15,144896507090.0,0.6225651210755464
2018-10-02,84.68,1.155,41.44662475585938,16391.15,8.34,20.41666984558105,2.174999952316284,65.5,3.3,188974526120.0,0.6337622431342336
2018-10-01,85.13,1.1575799999999998,41.97460556030273,16579.67,8.36,20.81624984741211,2.154999971389771,65.0,3.61,118481852797.5,-0.7330482590103908
2018-09-28,82.72,1.1601,41.96482467651367,16597.36,8.38,20.51180839538574,2.150000095367432,65.535,3.67,161797035020.0,-0.15616073128928773
2018-09-27,81.7,1.16401,42.24837112426758,16565.95,8.45,20.54986381530762,2.1400001049041752,65.6225,3.27,172108231650.0,-0.526754585417609
2018-09-26,81.68,1.17405,42.04304504394531,16222.59,8.48,20.11222648620605,2.160000085830688,65.8,3.26,161371562887.5,-0.09110233829335296
2018-09-25,81.41,1.1769,41.95504760742188,16349.59,8.48,20.44521141052246,2.167999982833862,65.8925,3.39,163579024465.0,0.2624771758977472
2018-09-24,81.47,1.17495,41.78883743286133,16225.03,8.47,20.29298973083496,2.122999906539917,65.835,3.41,165298419217.5,-0.9851105429387896
2018-09-21,78.81,1.17545,42.26792907714844,16170.7,8.52,20.09320068359375,2.122999906539917,66.41,3.64,218356567990.0,-0.011292204614758744
2018-09-20,78.55,1.1774,42.07238006591797,15991.26,8.53,20.0361156463623,2.118000030517578,66.26,3.87,250693454507.5,-0.6596701649175378
2018-09-19,79.25,1.1673,41.61283874511719,16049.08,8.58,19.84584045410156,2.1199998855590816,66.83,3.88,203027173212.5,-0.4728396440671589
2018-09-18,78.79,1.16705,41.04574584960938,16039.43,8.67,19.64604949951172,2.125,67.3725,3.88,213099620100.0,-0.8498896247240626
2018-09-17,77.83,1.1687,40.6546516418457,15826.38,8.75,19.32258033752441,2.108000040054321,68.0625,3.89,144850984822.5,-0.6096670560747721
2018-09-14,78.13,1.1626,41.02619171142578,15743.93,8.68,19.19890022277832,2.102999925613403,68.0525,3.99,264689329425.0,-0.23090455944875954
2018-09-13,78.25,1.169,41.06530380249023,15747.62,8.62,18.99910926818848,2.092999935150146,68.25,4.01,328198149707.5,-0.9865080516466078
2018-09-12,79.7,1.16315,40.51776123046875,15628.2,8.71,18.80883407592773,2.105000019073486,69.0325,4.04,262383921362.5,-0.858107137727986
2018-09-11,79.36,1.1604,40.31243896484375,15596.12,8.91,18.599529266357425,2.108000040054321,69.41,3.96,229719103397.5,-1.0760350602152209
2018-09-10,77.36,1.1598,40.22443771362305,15590.56,9.1,18.19994735717773,2.08299994468689,70.565,3.9,259621011822.5,0.9224828375285984
2018-09-07,77.0,1.15565,40.62531661987305,15502.19,9.0,18.24751853942871,2.088000059127808,69.9125,4.09,286178333822.5,1.0113780025284285
2018-09-06,76.56,1.1624,40.83064270019531,15479.21,8.86,18.50439262390137,2.079999923706055,69.255,4.05,293619835957.5,1.5469208211143586
2018-09-05,77.04,1.1633,40.79153442382812,15468.67,8.72,18.67564010620117,2.089999914169312,68.25,3.57,236466543937.5,-0.08052119171364734
2018-09-04,77.77,1.15855,41.38795852661133,15566.94,8.6,18.68515396118164,2.068000078201294,68.11,2.98,196682843405.0,-0.1649016087068008
2018-08-31,77.66,1.16105,42.20926284790039,15618.89,8.53,19.056194305419922,2.0550000667572017,67.55,2.82,200683259565.0,-0.8695014124811992
2018-08-30,77.67,1.16675,41.99415969848633,15519.14,8.56,18.76126289367676,2.0580000877380367,68.2375,2.78,266801750785.0,0.2276649652994545
2018-08-29,77.36,1.17035,43.11856460571289,15637.75,8.54,19.24646949768066,2.079999923706055,67.94,2.72,225067988820.0,-0.0882352941176504
2018-08-28,75.98,1.16946,42.854576110839844,15430.15,8.52,18.94202613830566,2.0780000686645512,67.87,2.76,171476707180.0,0.5779490219324253
2018-08-27,76.31,1.16811,43.01101684570312,15405.1,8.52,19.07522010803223,2.059999942779541,67.52,3.0,164111304282.5,0.20034132225271334
2018-08-24,75.69,1.16231,42.40481185913086,15168.82,8.52,18.95154190063477,2.04800009727478,67.1,3.07,194137131382.5,-0.999594260632229
2018-08-23,74.8,1.1545,41.63239669799805,15011.68,8.54,18.45682144165039,2.032999992370605,68.19,3.26,404408340587.5,0.0
2018-08-22,74.84,1.15991,42.31681442260742,15281.15,8.47,18.780292510986328,2.035000085830688,68.03,3.22,302466309825.0,0.9721706864564024
2018-08-21,72.76,1.15705,41.98438262939453,15241.13,8.51,19.09424781799316,2.035000085830688,67.275,3.07,254601826875.0,0.4854368932038877
2018-08-20,72.23,1.14842,41.45640182495117,15102.12,8.56,18.91348457336426,1.993000030517578,67.1075,2.95,155282353855.0,-0.1525070674006726
2018-08-17,71.88,1.1436,41.27062606811523,14993.75,8.51,18.87543106079102,1.995000004768372,67.03,2.92,232699535662.5,0.3931553525293037
2018-08-16,71.39,1.13713,40.84041976928711,15034.98,8.42,18.64709854125977,2.0150001049041752,66.8425,2.68,200755963102.5,0.43951915852742895
2018-08-15,70.74,1.13494,40.586204528808594,15076.66,8.36,18.65661239624023,2.019999980926514,67.29,2.48,265826390545.0,1.2602987096046134
2018-08-14,72.18,1.1347,41.78883743286133,15191.33,8.29,19.17987251281738,2.032999992370605,66.34,2.42,271330786892.5,-1.1584162103773283
2018-08-13,72.81,1.14027,41.53462219238281,15222.67,8.28,18.73272323608398,1.995000004768372,67.8,2.43,331288290695.0,-1.241761042933624
2018-08-10,72.92,1.14155,42.22881698608398,15155.13,8.2,18.628070831298828,2.0,67.72,2.37,368879453105.0,1.3582787652011208
2018-08-09,72.03,1.1546,43.14789962768555,15373.57,8.12,19.29403877258301,2.0050001144409184,66.65,2.35,297986979627.5,0.6797583081571039
2018-08-08,72.2,1.1607,43.27500534057617,15241.02,7.97,19.40820503234863,2.0079998970031743,65.5475,2.38,378767083300.0,3.1756650401385143
2018-08-07,74.51,1.1595,43.33367156982422,15363.41,7.84,20.23590850830078,2.0079998970031743,63.49,2.27,127362088422.5,-0.1729559748427664
2018-08-06,73.64,1.15529,42.89368438720703,15275.17,7.82,20.07417297363281,1.968000054359436,63.74,2.24,145040895452.5,0.5442069563845712
2018-08-03,73.27,1.1568,43.22611999511719,15263.95,7.8,20.17882347106934,1.960000038146973,63.3375,2.29,161427791677.5,-0.17730496453901382
2018-08-02,73.44,1.15865,42.89368438720703,15263.23,7.76,20.1883373260498,1.9650000333786009,63.405,2.32,244212796167.5,0.6348702483929823
2018-08-01,72.47,1.16576,43.47055435180664,15387.25,7.68,20.55937767028809,1.978000044822693,63.045,2.24,189636501340.0,0.7108626198083071
2018-07-31,74.0,1.1694,43.86165618896485,15427.62,7.67,20.7591667175293,1.985000014305115,62.5025,2.27,147168322545.0,0.2767527675276744
2018-07-30,74.84,1.17055,43.62699508666992,15226.43,7.69,20.52132225036621,1.9450000524520867,62.2375,2.15,163873027147.5,-0.9193663933773788
2018-07-27,74.3,1.16555,43.6954345703125,15185.83,7.71,20.35958671569824,1.9450000524520867,62.7975,2.49,138876628407.5,-0.23829381627546545
2018-07-26,74.4,1.16465,43.53899383544922,15175.55,7.69,20.36910057067871,1.9450000524520867,62.955,2.79,173660724195.0,0.18300445576065386
2018-07-25,74.04,1.1732,44.02786636352539,15115.84,7.7,20.47375297546387,1.952999949455261,62.82,2.97,194120484175.0,-0.6366404365534364
2018-07-24,73.67,1.16827,43.32389450073242,15078.05,7.66,20.01708984375,1.960000038146973,63.325,2.79,243452452502.5,0.3724837533682032
2018-07-23,72.95,1.16918,42.69813537597656,14966.33,7.65,20.01708984375,1.919999957084656,63.0675,2.64,202307640252.5,-0.4812813128723022
2018-07-20,73.03,1.172,42.98168182373047,14873.09,7.65,20.01708984375,1.932999968528748,63.515,2.55,192225074080.0,-0.14149830988129286
2018-07-19,72.58,1.1641,42.37548065185547,15026.55,7.66,19.89340972900391,1.947999954223633,63.6625,2.59,270950316047.5,0.9714512291831948
2018-07-18,73.02,1.1641,42.903465270996094,15194.23,7.62,20.52132225036621,1.960000038146973,62.9625,2.61,227191068985.0,0.3426431331925516
2018-07-17,71.53,1.1662,42.95235061645508,15327.01,7.58,20.72111320495605,1.975000023841858,62.6,2.61,200782167622.5,0.28836911246395336
2018-07-16,71.92,1.17128,42.63947296142578,15514.17,7.51,20.749652862548828,1.937999963760376,62.33,2.84,155490560782.5,-0.2440683391349633
2018-07-13,74.84,1.1683,42.87412643432617,15627.8,7.5,20.73062705993652,1.9279999732971191,62.56,2.92,191626898472.5,0.5060647441561649
2018-07-12,74.41,1.1668,42.84479904174805,15450.83,7.51,20.74013900756836,1.9279999732971191,62.255,2.97,233147415770.0,0.012048676653681327
2018-07-11,74.06,1.16748,42.26792907714844,15547.45,7.54,20.48326683044434,1.919999957084656,62.3575,3.02,292465413720.0,0.5279703369337426
2018-07-10,79.03,1.17455,43.108787536621094,15756.97,7.56,21.2443733215332,1.934999942779541,61.735,3.12,217942906085.0,-1.227950881964719
2018-07-09,78.16,1.1747,43.20656204223633,15820.69,7.58,21.130207061767575,1.914999961853027,62.485,3.15,169528943252.5,-0.6242296528965025
2018-07-06,77.06,1.17462,42.44392013549805,15629.0,7.62,20.749652862548828,1.9049999713897712,62.9725,3.14,156947735007.5,-0.28107680126682816
2018-07-05,77.55,1.16905,41.86705017089844,15670.03,7.63,20.42618370056152,1.9099999666213991,63.115,3.16,174868434112.5,-0.11868966608639933
2018-07-03,77.83,1.16635,41.97460556030273,15328.27,7.64,19.97903442382812,1.932999968528748,63.145,3.18,158052828662.5,-0.1067826774767577
2018-07-02,77.33,1.16395,41.945274353027344,15457.54,7.63,20.04563140869141,1.8949999809265143,63.43,3.17,183836677320.0,0.471231140854551
2018-06-29,79.42,1.1685,42.36570739746094,15277.87,7.63,20.20736503601074,1.879999995231628,62.77,3.12,195171424965.0,0.031872509960164344
2018-06-28,77.61,1.15635,41.73994445800781,14944.27,7.7,19.83632659912109,1.879999995231628,62.8,2.97,223998759947.5,-0.7977252981597069
2018-06-27,77.34,1.1557,41.38795852661133,14950.9,7.71,19.57945251464844,1.879999995231628,63.23,2.92,222777409675.0,0.19014419267944446
2018-06-26,76.69,1.16485,42.199485778808594,14776.69,7.64,19.63653564453125,1.89300000667572,63.0275,3.09,230886498102.5,0.3622611464968253
2018-06-25,74.93,1.17005,42.36570739746094,14816.32,7.6,19.84584045410156,1.853000044822693,62.7825,2.99,243177927347.5,-0.7705073494547245
2018-06-22,75.68,1.16625,42.94257354736328,14898.11,7.61,19.8648681640625,1.870000004768372,62.895,2.99,220386822720.0,-0.6790367153572834
2018-06-21,73.1,1.16017,42.50259017944336,14861.64,7.63,19.44626045227051,1.889999985694885,63.715,2.79,235144245185.0,-0.25829680651220904
2018-06-20,74.17,1.1592,43.108787536621094,14938.37,7.64,19.53188514709473,1.888000011444092,63.69,2.69,194857042505.0,-0.2193326022246601
2018-06-19,74.98,1.159,42.92301940917969,14686.48,7.8,19.31306648254395,1.8980000019073493,63.875,2.69,321975106812.5,-0.1172791243158762
2018-06-18,75.32,1.1625,43.4021110534668,14655.25,7.68,19.29403877258301,1.8830000162124632,63.4525,2.67,257750942322.5,0.3201581027667993
2018-06-15,73.08,1.1608,43.93638229370117,14747.84,7.49,19.37966346740723,1.888000011444092,63.1975,2.61,250490462720.0,1.1321811489838312
2018-06-14,75.92,1.15775,44.28608703613281,14864.37,7.43,19.68410682678223,1.8830000162124632,62.63,2.64,269745425232.5,0.37663274300825295
2018-06-13,76.51,1.17908,44.58721923828125,14992.72,7.44,19.82681274414062,1.8949999809265143,62.535,2.57,255562537205.0,-0.7932101213611487
2018-06-11,76.37,1.1782,45.00492477416992,15028.36,7.39,19.82681274414062,1.868000030517578,62.8175,3.5,47857218302.5,0.9481338636455
2018-06-08,76.4,1.1769,45.00492477416992,15014.37,7.4,19.99806213378906,1.879999995231628,62.31,2.64,288697613205.0,-0.35979851283280456
2018-06-07,77.3,1.1799,45.09235000610352,15352.24,7.33,20.1693115234375,1.8849999904632568,62.4175,2.51,222360952140.0,1.0727876285320934
2018-06-06,75.75,1.1776,45.79175567626953,15366.37,7.29,20.45472526550293,1.8999999761581416,61.7675,2.45,192159082277.5,-0.2945924132364884
2018-06-05,75.18,1.17165,45.11177444458008,15383.67,7.28,20.36910057067871,1.9029999971389768,62.15,2.5,224844444330.0,0.4201001777346874
2018-06-04,75.25,1.16943,45.46147918701172,15433.36,7.25,20.55937767028809,1.8650000095367432,62.0575,2.38,133405160555.0,-0.06843800322061833
2018-06-01,76.56,1.1663,45.00492477416992,15234.54,7.27,20.35958671569824,1.868000030517578,62.1925,2.39,181459927647.5,-0.3325320512820449
2018-05-31,77.7,1.16935,44.38322448730469,15295.57,7.23,20.08368682861328,1.870000004768372,62.405,2.37,257589231822.5,0.5073280721533222
2018-05-30,77.45,1.167,44.40265274047852,15258.26,7.22,20.38812828063965,1.878000020980835,62.075,2.41,214492086725.0,-1.0362694300518112
2018-05-29,75.44,1.15367,44.05294799804688,15264.59,7.22,19.84584045410156,1.8400000333786009,62.815,2.35,261101189560.0,0.6973388906700788
2018-05-25,76.17,1.1655,45.1020622253418,15315.58,7.2,20.23590850830078,1.853000044822693,62.2875,2.32,251712320662.5,0.9849221789883296
2018-05-24,78.77,1.17205,44.91749572753906,15214.28,7.18,20.39764213562012,1.860000014305115,61.6,2.21,210479033700.0,0.4074979625101873
2018-05-23,79.68,1.1699,45.16034698486328,15234.59,7.22,20.43569755554199,1.8730000257492068,61.33,2.29,281676492890.0,-0.14653207424292314
2018-05-22,79.43,1.17756,45.179771423339844,15454.36,7.23,20.51180839538574,1.89300000667572,61.21,2.29,269578409887.5,-0.35002035002034404
2018-05-21,79.52,1.1791200000000002,45.02434921264648,15489.71,7.26,20.57840347290039,1.86300003528595,61.6,2.29,249347793582.5,-1.408450704225345
2018-05-18,79.23,1.1766,44.752357482910156,15443.28,7.24,20.3120174407959,1.8550000190734857,62.2575,2.29,217036179252.5,0.1890891535242995
2018-05-17,79.57,1.17923,45.131202697753906,15420.76,7.23,20.321533203125,1.86300003528595,62.185,2.31,179981242350.0,0.4969496181972519
2018-05-16,79.27,1.1806,45.83061218261719,15536.01,7.24,20.62597465515137,1.8650000095367432,61.73,2.28,257360693222.5,-1.03406813627255
2018-05-15,78.03,1.1843,45.15063095092773,15541.74,7.21,20.24542236328125,1.875,62.3175,2.38,343694569537.5,0.6500847936687449
2018-05-14,78.42,1.1932,46.10260009765625,15683.14,7.2,20.53083610534668,1.8550000190734857,61.85,2.38,167314310747.5,-0.1211142511102071
2018-05-11,76.98,1.19448,46.0443229675293,15604.33,7.18,20.45472526550293,1.860000014305115,61.93,2.31,213159180087.5,0.2914979757085016
2018-05-10,77.45,1.19164,46.122032165527344,15349.21,7.21,20.6164608001709,1.8450000286102288,61.71,2.34,233028726625.0,-1.3823411905713174
2018-05-08,75.92,1.18695,45.09235000610352,15252.09,7.21,20.05514526367188,1.835000038146973,63.225,2.5,201063530757.5,0.5486641221374027
2018-05-07,75.5,1.19207,44.83978652954102,15196.16,7.2,19.8648681640625,1.7929999828338616,62.9325,2.32,165042874000.0,0.2788511333306731
2018-05-04,74.97,1.1961,45.1020622253418,15161.22,7.2,20.11222648620605,1.7929999828338616,62.505,2.36,240892114580.0,-0.911540900443874
2018-05-03,73.69,1.2,44.8980712890625,15051.82,7.19,19.94097709655762,1.787999987602234,63.025,2.52,250733772047.5,-1.0751844294459303
2018-05-02,73.12,1.19435,44.99520874023438,15275.1,7.14,19.68410682678223,1.7849999666213991,64.02,2.59,79987922287.5,1.0815504855135316
2018-04-30,74.67,1.2079,45.57804870605469,15270.03,7.14,19.99806213378906,1.7630000114440918,62.9675,2.59,46657797130.0,1.0714285714285778
2018-04-27,74.36,1.21305,45.9083251953125,15256.27,7.16,20.25493621826172,1.7699999809265143,62.155,2.59,199816081145.0,-0.9126778526164728
2018-04-26,74.75,1.2101,45.62662124633789,15140.8,7.2,20.20736503601074,1.7849999666213991,62.72,2.53,305085952570.0,0.7793042500200843
2018-04-25,74.02,1.2167,44.97578048706055,14898.4,7.16,19.90292358398438,1.815000057220459,62.365,2.58,269439315075.0,1.10647266242452
2018-04-24,73.86,1.2231,45.32548522949219,14884.37,7.15,19.95049285888672,1.822999954223633,61.62,2.62,201287813105.0,-0.11347057869995182
2018-04-23,75.02,1.2205,45.5391960144043,14857.08,7.19,20.02660179138184,1.7829999923706048,61.805,2.65,255245111297.5,0.7088153821085258
2018-04-20,73.72,1.2292,45.9083251953125,14749.38,7.18,19.97903442382812,1.764999985694885,61.4,2.34,173193485050.0,0.7383100902378928
2018-04-19,73.55,1.23497,46.49116516113281,14742.02,7.18,20.3120174407959,1.7829999923706048,60.8925,2.39,216954647612.5,0.0945179584120941
2018-04-18,73.85,1.23805,46.76315689086914,14818.33,7.24,20.4642391204834,1.7699999809265143,60.85,2.34,232024315872.5,-1.6804007109387609
2018-04-17,71.75,1.2378,46.3648796081543,14485.87,7.26,19.6936206817627,1.7549999952316282,61.5575,2.3,271727573647.5,0.8023907970688089
2018-04-16,71.52,1.23811,46.267738342285156,14158.19,7.34,19.73167419433594,1.7130000591278085,61.165,2.64,257387040350.0,-2.3196390785323597
2018-04-13,72.62,1.23305,46.20945739746094,14375.64,7.29,19.38917541503906,1.718000054359436,62.05,2.56,235348691357.5,0.2423263327948281
2018-04-12,72.07,1.23278,46.67572784423828,14626.73,7.24,19.62702178955078,1.705000042915344,61.99,2.49,304998954992.5,-1.478067387158296
2018-04-11,71.96,1.23652,46.69515609741211,14503.07,7.44,19.5413990020752,1.6929999589920042,62.59,2.34,545248751585.0,-1.4330708661417269
2018-04-10,71.0,1.2351,46.67572784423828,14340.28,7.37,19.37014961242676,1.6950000524520867,63.0225,2.55,607996871492.5,4.545266039066068
2018-04-09,68.54,1.23206,45.78204345703125,13740.4,7.05,18.99910926818848,1.6749999523162842,60.66,2.33,581632181742.5,4.271594327460249
2018-04-06,67.02,1.2277,45.73347091674805,15002.85,6.88,21.282428741455078,1.6799999475479133,58.175,2.4,225303964255.0,0.6792714057024156
2018-04-05,68.53,1.2235200000000002,46.64658737182617,15089.43,6.87,21.73909187316895,1.6749999523162842,57.71,2.39,162627405375.0,0.3434036079113201
2018-04-04,68.21,1.22761,46.53002166748047,14883.33,6.87,21.71055030822754,1.6679999828338616,57.445,2.36,177899937787.5,-0.3815139165871825
2018-04-03,68.16,1.22688,46.51058959960938,14869.25,6.87,21.5202751159668,1.7130000591278085,57.57,2.18,147577585870.0,0.19143752175426285
2018-04-02,67.62,1.2304,46.05403518676758,14807.5,6.86,21.3870792388916,1.6829999685287482,57.4825,2.33,103424496820.0,0.4938811188811169
2018-03-29,70.26,1.2304,46.899147033691406,14945.49,6.87,21.63443946838379,1.669999957084656,57.2575,2.71,190430835572.5,-0.8055784139633528
2018-03-28,69.82,1.2304700000000002,45.93746566772461,14779.46,6.88,21.07312393188477,1.6950000524520867,57.7225,2.36,191846296537.5,0.2692491423111895
2018-03-27,69.55,1.24017,46.17060089111328,14865.09,6.87,21.19680404663086,1.733000040054321,57.5125,2.26,175766288707.5,0.634295713035878
2018-03-26,70.02,1.24493,47.02543258666992,14703.09,6.84,21.3870792388916,1.705000042915344,57.1625,2.27,211501579727.5,0.3907622058307055
2018-03-23,70.47,1.23566,45.54890441894531,15027.17,6.82,21.40610885620117,1.687999963760376,57.29,2.28,213622683180.0,0.06986899563318627
2018-03-22,68.8,1.23075,46.49116516113281,15018.13,6.84,21.5202751159668,1.6829999685287482,57.245,2.37,214650882912.5,0.5488956220085188
2018-03-21,69.76,1.23422,48.09396743774414,15157.28,6.87,22.15770149230957,1.710000038146973,56.88,2.43,185603585887.5,-1.155617342948995
2018-03-20,67.68,1.22428,47.8122673034668,15047.22,6.92,21.62492561340332,1.7580000162124632,57.53,2.24,188058980050.0,-0.20815264527319602
2018-03-19,66.16,1.23395,47.28771209716797,14950.34,6.95,21.42513656616211,1.728000044822693,57.84,2.2,217235713105.0,0.5213764337852004
2018-03-16,66.11,1.22866,47.80255126953125,15037.87,6.95,21.70103645324707,1.73800003528595,57.49,2.26,227744003315.0,-0.05649963057933655
2018-03-15,65.08,1.23025,47.90940856933594,14853.76,6.95,21.44416427612305,1.733000040054321,57.46,2.26,236270048152.5,0.6745510293473465
2018-03-14,64.83,1.23715,48.08425903320312,14857.56,6.91,21.65346717834473,1.718000054359436,57.1225,2.27,184425500627.5,0.12708150744961458
2018-03-13,64.7,1.23873,48.00654602050781,15173.08,6.91,21.82471656799316,1.690000057220459,57.02,2.33,185301364020.0,0.28139289482941204
2018-03-12,64.9,1.2333,48.44367599487305,15177.33,6.9,22.21478271484375,1.64300000667572,56.88,2.42,147444308320.0,0.2688290511656664
2018-03-09,65.52,1.23105,48.32710647583008,15134.36,6.88,22.33846282958984,1.6349999904632568,56.66,2.19,59795949380.0,-0.6749057761416515
2018-03-07,64.49,1.2411,47.3071403503418,14992.31,6.91,21.89131355285645,1.649999976158142,56.79,2.19,164338972542.5,-0.07478115514890947
2018-03-06,65.72,1.24022,47.25857162475586,15079.67,6.92,22.01499176025391,1.64300000667572,56.67,2.12,194319247072.5,0.26539278131634564
2018-03-05,65.59,1.2326,46.82144165039062,15128.56,6.94,22.38603210449219,1.625,56.42,2.48,200937604192.5,-0.7694675284702985
2018-03-02,64.49,1.2329,46.7534408569336,14985.72,6.94,22.11964416503906,1.6050000190734857,56.815,2.66,245418201880.0,-0.0044000528006421106
2018-03-01,64.2,1.22615,46.55916213989258,15042.18,6.92,22.02450561523438,1.5900000333786009,56.8225,2.82,279500533720.0,0.7491134751773042
2018-02-28,64.59,1.2194,46.64658737182617,15040.05,6.92,22.03401947021484,1.618000030517578,56.3325,2.78,193262970567.5,0.0
2018-02-27,66.44,1.22345,47.32656478881836,15383.01,6.91,22.49068260192871,1.6349999904632568,56.275,2.61,199931259262.5,1.0368508460882455
2018-02-26,67.54,1.23105,48.74480819702148,15454.93,6.87,23.12811088562012,1.608000040054321,55.705,3.15,221943381870.0,-0.6863968621857819
2018-02-22,66.18,1.2324,47.45284652709961,15337.27,6.94,22.58582305908203,1.6050000190734857,56.5175,2.71,154327162835.0,-0.4798379996478268
2018-02-21,64.94,1.2291,47.4237060546875,15206.81,6.94,22.10061645507812,1.608000040054321,56.76,2.25,142245052540.0,0.2472624514305909
2018-02-20,65.08,1.2334,47.462562561035156,14828.76,6.96,21.9674243927002,1.572999954223633,56.565,2.1,167463216745.0,0.20372010628874204
2018-02-16,64.92,1.2411,48.12311553955078,14724.51,6.95,21.87228584289551,1.5700000524520867,56.3975,2.16,181186473557.5,0.1109434632111476
2018-02-15,64.58,1.25017,48.27853775024414,14813.75,7.01,22.23381233215332,1.559999942779541,56.3925,2.16,213736322412.5,-0.454545454545455
2018-02-14,64.32,1.2448,47.3071403503418,14772.81,7.03,21.94839668273926,1.5499999523162842,56.71,2.01,298192295160.0,-1.6987346160513033
2018-02-13,62.79,1.23585,46.15117263793945,14731.31,7.05,21.36805152893066,1.5700000524520867,57.63,2.0,177672944305.0,-0.307053583012576
2018-02-12,62.62,1.22965,45.80146789550781,14515.09,7.04,21.10166549682617,1.5349999666213991,57.83,1.95,201757713657.5,-0.4090067593748728
2018-02-09,62.8,1.2232,45.09235000610352,14372.62,7.05,20.6164608001709,1.524999976158142,58.4,1.98,336955978597.5,0.30055817947616514
2018-02-08,64.21,1.2247,44.38322448730469,14573.58,7.07,20.48326683044434,1.514999985694885,58.4225,2.03,326943061320.0,1.3355882225402125
2018-02-07,65.52,1.22605,45.97632217407227,14784.18,7.05,21.0636100769043,1.514999985694885,57.61,2.13,235611612192.5,1.1900057085144724
2018-02-06,67.0,1.2376,47.47227478027344,14676.96,7.13,21.72957801818848,1.48800003528595,56.855,2.18,280917259127.5,-0.8544772865986607
2018-02-05,67.38,1.24095,45.97632217407227,14914.82,7.11,21.18729019165039,1.45799994468689,57.195,2.29,221431791277.5,1.0958904109588996
2018-02-02,68.47,1.24585,47.64712524414062,14971.63,7.12,21.86277198791504,1.4500000476837158,56.55,2.31,243252871527.5,0.8650673325604199
2018-02-01,69.9,1.2517,48.90023422241211,15110.05,7.14,22.39554595947266,1.452999949455261,55.92,2.37,175794868395.0,-0.5910848406737408
2018-01-31,68.91,1.241,49.57049560546875,15017.86,7.16,22.34797668457031,1.4299999475479133,56.2075,2.14,153993142022.5,-0.3854674346477521
2018-01-30,68.81,1.2398,49.14308166503906,14929.04,7.22,22.12915802001953,1.4249999523162842,56.385,1.94,203576059877.5,0.06211180124222996
2018-01-29,69.34,1.2385,49.82306289672852,14935.28,7.29,22.19575500488281,1.375,56.32,1.96,192374866152.5,0.12444444444444495
2018-01-26,70.39,1.2413299999999998,50.59046936035156,15033.05,7.27,22.46214294433594,1.388000011444092,56.275,2.04,164208319712.5,0.6528349132534467
2018-01-25,70.08,1.2411,49.90077209472656,15218.13,7.24,22.64290428161621,1.39300000667572,55.9275,2.09,234240424337.5,-0.2897129613121794
2018-01-24,70.92,1.2398,49.9299201965332,15123.93,7.26,22.62387847900391,1.4099999666213991,56.1725,2.65,172865762067.5,-0.3680383114579693
2018-01-23,70.15,1.2291299999999998,49.51221466064453,15037.93,7.28,22.43360137939453,1.412999987602234,56.35,2.56,190890652947.5,-0.1594613749114038
2018-01-22,69.18,1.2256,49.279075622558594,15108.25,7.27,22.39554595947266,1.389999985694885,56.495,2.12,130387864577.5,-0.4142429049885412
2018-01-19,68.77,1.2232,48.99737167358398,14958.56,7.28,22.16721343994141,1.402999997138977,56.72,2.18,138989681042.5,0.3050532737963649
2018-01-18,69.15,1.2233,48.599098205566406,15054.05,7.29,22.33846282958984,1.4049999713897712,56.525,2.13,165368334822.5,-0.4929143561306243
2018-01-17,69.26,1.22191,48.54081726074219,14917.4,7.3,22.04353523254395,1.414999961853027,56.7525,2.14,245372585765.0,0.16325450052947607
2018-01-16,69.17,1.22725,47.90940856933594,14780.32,7.27,21.67249488830566,1.3949999809265143,56.53,2.15,159490199307.5,0.4085257548845541
2018-01-12,69.88,1.2185,48.09396743774414,14819.21,7.29,22.17672729492188,1.4099999666213991,56.65,2.08,162669147707.5,0.2167086816151345
2018-01-11,69.14,1.20297,47.63741683959961,14685.9,7.31,22.01499176025391,1.402999997138977,56.4275,2.79,148341534005.0,-1.0564615114851816
2018-01-10,69.03,1.19635,47.34599685668945,14584.76,7.27,21.72957801818848,1.3949999809265143,57.0325,2.83,171957602857.5,0.2548890353768333
2018-01-09,68.8,1.1932,47.64712524414062,14529.19,7.31,21.64395332336426,1.414999961853027,56.995,2.7,155154321855.0,-0.16203196846945678
2018-01-05,67.68,1.20415,47.7248420715332,14392.51,7.33,21.55832862854004,1.3700000047683722,56.9825,1.0,30748847510.0,0.04828373277149225
2018-01-04,67.89,1.2065,47.31684875488281,14300.09,7.33,21.52978706359863,1.3700000047683722,56.84,1.0,40568700335.0,-0.6293706293706284
2018-01-03,67.88,1.2011,47.08371353149414,13974.71,7.35,21.01604080200195,1.3700000047683722,57.22,3.9,35336855767.5,-0.7587911373195162
2017-12-29,66.51,1.2012,45.7723274230957,13672.33,7.4,20.17882347106934,1.3550000190734857,57.63,3.9,110541737675.0,0.06945650286507926
2017-12-28,66.17,1.19375,45.55862045288086,13625.24,7.4,20.15979766845703,1.3700000047683722,57.5025,3.36,181883107935.0,-0.4113266366470458
2017-12-27,65.87,1.1895,45.24777603149414,13653.38,7.41,20.1693115234375,1.4079999923706048,57.745,2.84,212473183875.0,0.25173611111110417
2017-12-26,66.22,1.18675,45.131202697753906,13597.27,7.41,20.27396202087402,1.3029999732971191,57.62,2.9,160569044930.0,-0.8133580066273679
2017-12-22,64.49,1.1845,45.17005920410156,13658.45,7.42,20.08368682861328,1.297999978065491,58.375,3.07,137168299980.0,-0.2605612746145033
2017-12-21,64.27,1.187,44.79121398925781,13593.2,7.42,19.80778503417969,1.320000052452087,58.4625,3.01,141210384075.0,-0.4215636177823237
2017-12-20,64.03,1.1873,44.499794006347656,13667.36,7.42,19.76973152160645,1.350000023841858,58.71,3.05,136982494355.0,-0.01277302337463326
2017-12-19,63.36,1.18455,44.44151306152344,13775.8,7.45,19.78875732421875,1.3530000448226929,58.7625,2.83,153904292265.0,0.20890177353342806
2017-12-18,62.85,1.178,44.67756271362305,13897.19,7.46,20.06465911865234,1.315000057220459,58.6625,2.63,117770466180.0,-0.14468700795778688
2017-12-15,62.67,1.1757,44.17997360229492,13950.28,7.47,19.99520874023438,1.2849999666213991,58.8,2.67,163804166762.5,-0.12314747972313918
2017-12-14,62.67,1.1792,44.08428573608398,14017.77,7.51,20.06814956665039,1.282999992370605,58.76,2.57,154776570435.0,0.16193641864825511
2017-12-13,61.85,1.1819,44.409629821777344,13875.26,7.52,20.15020942687988,1.273000001907349,58.6125,2.35,173695267632.5,-1.0884698139476068
2017-12-12,62.94,1.1741,43.88333511352539,14069.04,7.51,19.9860897064209,1.309999942779541,59.285,1.98,163635429690.0,0.6365642505516891
2017-12-11,63.98,1.1785,44.17997360229492,13960.49,7.52,20.06814956665039,1.263000011444092,59.005,1.86,125237868572.5,-0.32939189189189233
2017-12-08,62.98,1.1767,43.95988845825195,13674.92,7.52,19.66696929931641,1.253000020980835,59.13,1.91,152166367540.0,-0.21937225784676925
2017-12-07,61.85,1.1775,43.45273208618164,13654.59,7.53,19.612262725830078,1.259999990463257,59.1775,1.88,180332412020.0,-0.0759846342184045
2017-12-06,61.03,1.18005,43.32833862304688,13798.85,7.54,19.621379852294922,1.263000011444092,59.23,1.67,156620545535.0,0.8170212765957394
2017-12-05,62.62,1.1819,43.92161560058594,13742.36,7.54,19.79461669921875,1.282999992370605,58.75,1.91,145002266852.5,-0.08928191828579055
2017-12-04,62.36,1.18525,43.9503173828125,13777.49,7.56,19.80373382568359,1.245000004768372,58.8075,1.91,142576549285.0,-0.2755638460234041
2017-12-01,63.6,1.18925,43.86419677734375,13671.13,7.55,19.56667327880859,1.235000014305115,58.88,1.72,185676439712.5,0.5807994533652262
2017-11-30,62.59,1.1899,44.11299133300781,13621.36,7.56,19.76726341247559,1.23800003528595,58.45,1.99,224899702430.0,-0.1707941929974284
2017-11-29,63.29,1.1852,44.60101318359375,13788.55,7.55,19.87667655944824,1.258000016212463,58.62,1.93,177632472555.0,0.1922830406358111
2017-11-28,63.51,1.18405,45.31868362426758,13960.07,7.57,20.32344627380371,1.264999985694885,58.36,1.72,176053265615.0,-0.2393162393162403
2017-11-27,63.83,1.1901,44.98376846313477,13926.81,7.59,20.25050354003906,1.223000049591064,58.4975,1.96,148290564050.0,0.16695205479452688
2017-11-24,63.82,1.19275,45.65359497070312,14023.5,7.52,20.49668312072754,1.240000009536743,58.37,1.95,146063993465.0,-0.42647560559535996
2017-11-22,63.26,1.18145,45.749290466308594,14001.78,7.54,20.52403831481934,1.264999985694885,58.485,2.03,201674652057.5,-1.1242603550295844
2017-11-21,62.56,1.1742,45.63445663452148,13956.68,7.57,20.21403312683105,1.277999997138977,59.1775,2.02,143942154245.0,-0.38296439693628337
2017-11-20,62.11,1.1731,45.0316162109375,13773.73,7.57,19.90403175354004,1.240000009536743,59.345,2.03,164007944922.5,0.10542740269050732
2017-11-17,62.73,1.1801,44.80195617675781,13793.59,7.57,19.99520874023438,1.240000009536743,59.08,1.96,177884666287.5,-0.9555741827326072
2017-11-16,61.36,1.177,44.58187103271485,13799.26,7.6,19.7490291595459,1.230000019073486,59.6775,1.73,211579920402.5,-0.7195142239228042
2017-11-15,61.81,1.179,43.67281723022461,13804.63,7.63,19.49373054504395,1.230000019073486,60.215,1.73,228358352895.0,-0.3392916252896364
2017-11-14,62.05,1.1792,43.9024772644043,14042.21,7.63,19.8675594329834,1.240000009536743,60.2375,2.0,256511581112.5,1.2735373234700744
2017-11-13,63.08,1.1667,44.19911193847656,14058.09,7.61,20.25050354003906,1.184999942779541,59.35,2.01,188452279185.0,0.2618464397330875
2017-11-10,63.6,1.1668,44.29480361938477,14076.5,7.57,20.31432914733887,1.2000000476837158,59.22,2.0,157187138977.5,-0.16436970539891885
2017-11-09,63.88,1.16445,44.48618698120117,14183.49,7.57,20.42374229431152,1.202999949455261,59.29,1.67,207140715730.0,0.06751054852320533
2017-11-08,63.42,1.15955,44.7636833190918,14025.46,7.58,20.43285942077637,1.195000052452087,59.2275,1.7,267810591150.0,-0.05484306446169231
2017-11-07,63.66,1.15775,44.55316543579102,13978.88,7.55,20.27785682678223,1.187999963760376,59.365,1.69,277796976760.0,1.861702127659576
2017-11-03,62.09,1.16125,44.34264755249023,13421.6,7.54,19.85844230651855,1.148000001907349,59.08,1.85,298657046595.0,1.5818431911967017
2017-11-02,60.74,1.16565,44.572303771972656,13380.26,7.53,20.04991340637207,1.138000011444092,58.1625,1.91,142839494085.0,-0.09876331157677334
2017-11-01,60.47,1.1622,44.51488876342773,13445.23,7.54,20.04991340637207,1.138000011444092,58.29,1.86,189368300515.0,0.06866952789699425
2017-10-31,61.1,1.1651,44.28523254394531,13300.91,7.54,19.8675594329834,1.123000025749207,58.32,1.86,227147874817.5,0.6384814495254485
2017-10-30,60.84,1.1656,43.8737678527832,13319.14,7.53,20.1046199798584,1.075000047683716,57.9725,1.64,196227111692.5,-0.0431053062632108
2017-10-27,60.51,1.1605,44.151268005371094,13341.12,7.55,20.04991340637207,1.072999954223633,58.06,1.59,344481223975.0,0.16389200379539182
2017-10-26,59.51,1.16475,43.51971817016602,13179.41,7.5,19.85844230651855,1.080000042915344,57.855,1.59,186911620755.0,0.2686308492200936
2017-10-25,58.42,1.18085,43.81635665893555,13211.3,7.49,19.84020614624023,1.08299994468689,57.745,1.61,219113639977.5,0.15175822746390075
2017-10-24,58.39,1.17635,43.91204833984375,13286.84,7.49,20.1046199798584,1.0980000495910642,57.62,1.7,193754252292.5,0.12598288370476218
2017-10-23,57.33,1.1745,43.91204833984375,13314.28,7.48,20.03167724609375,1.0700000524520872,57.55,1.65,128617832422.5,0.004344237369125897
2017-10-20,57.89,1.1775,44.26609802246094,13374.87,7.47,20.18667984008789,1.075000047683716,57.4825,1.64,168558334385.0,0.11756509622921285
2017-10-19,57.28,1.18505,44.10342025756836,13392.35,7.47,20.23226928710938,1.0650000572204592,57.2725,1.75,175073138252.5,-0.2568791361894825
2017-10-18,58.22,1.17945,44.495750427246094,13524.84,7.47,20.46932983398438,1.0679999589920042,57.425,1.79,153050654870.0,0.18318213538031555
2017-10-17,58.13,1.17665,44.39049530029297,13514.68,7.49,20.42374229431152,1.072999954223633,57.2925,1.8,144841890612.5,-0.1655412764103785
2017-10-16,57.9,1.17945,44.62015151977539,13619.36,7.46,20.54227256774902,1.0549999475479128,57.3175,1.81,120371350752.5,0.2448515587425133
2017-10-13,57.21,1.18235,44.64885330200195,13571.81,7.45,20.56962394714355,1.049999952316284,57.16,1.82,200400494067.5,-0.9616217621069164
2017-10-12,56.39,1.18305,44.2469596862793,13544.46,7.49,20.332561492919922,1.052999973297119,57.6975,1.8,134241479530.0,-0.07360581918947692
2017-10-11,56.64,1.1866,44.26609802246094,13588.95,7.53,20.46021270751953,1.0679999589920042,57.8375,1.75,172916867445.0,-0.1424378453038728
2017-10-10,56.55,1.1814,44.06514739990234,13483.58,7.57,20.2869758605957,1.0549999475479128,57.9875,1.77,147275087507.5,-0.3308697146785881
2017-10-09,55.66,1.1739,43.63454055786133,13535.44,7.59,20.15932655334473,1.044999957084656,58.33,1.85,139749669345.0,0.1029689377037844
2017-10-06,55.52,1.1732,43.66324996948242,13532.39,7.58,20.17756271362305,1.042999982833862,58.19,1.85,208989850770.0,0.7968127490039856
2017-10-05,56.98,1.1701,43.88333511352539,13489.37,7.57,20.39638900756836,1.042999982833862,57.6975,1.83,147354466820.0,-0.02166002425923209
2017-10-04,55.81,1.17645,43.55799102783203,13403.31,7.62,20.32344627380371,1.042999982833862,57.6875,1.85,124163973787.5,-0.19463667820068714
2017-10-03,55.75,1.1748,43.56755447387695,13398.2,7.66,20.26873970031738,1.0349999666213991,57.9,2.19,140208097857.5,-0.17241379310345073
2017-10-02,56.05,1.17345,42.888160705566406,13396.17,7.65,20.13197326660156,1.013000011444092,57.9125,2.04,132741717950.0,0.6167745298180151
2017-09-29,57.54,1.18185,42.87859344482422,13417.52,7.63,20.32344627380371,1.027999997138977,57.48,2.13,175859918210.0,-0.9008232403775714
2017-09-28,57.64,1.17785,42.39057540893555,13390.3,7.67,20.12285614013672,1.029999971389771,57.91,2.18,225382004425.0,-0.7413120795303674
2017-09-27,57.72,1.17505,42.41928100585938,13459.95,7.72,20.09550476074219,1.037999987602234,58.195,2.57,295690027815.0,0.2497846683893249
2017-09-26,58.64,1.1788,42.57238388061523,13391.16,7.64,20.11373710632324,1.042999982833862,57.82,2.57,215222301567.5,0.6571789180484793
2017-09-25,59.14,1.1846,42.68721389770508,13370.59,7.6,20.27785682678223,0.9980000257492064,57.555,2.03,223577330957.5,-0.08246169871099246
2017-09-22,56.79,1.19445,43.42402648925781,13222.91,7.6,19.90403175354004,1.003000020980835,57.5,1.89,156174438020.0,-0.5878284923928137
2017-09-21,56.49,1.1939,43.67281723022461,13294.51,7.62,19.87667655944824,1.0080000162124632,57.9,1.93,180622324942.5,-0.5837912087912146
2017-09-20,56.18,1.18955,43.67281723022461,13269.23,7.61,19.83108901977539,1.019999980926514,58.1225,1.9,222169673442.5,0.0043014452856242795
2017-09-19,55.41,1.1997,43.8737678527832,13212.78,7.63,19.82196998596191,1.01800000667572,58.1275,1.87,178598880377.5,0.15075809786353994
2017-09-18,55.44,1.1957,43.77808380126953,13272.81,7.61,19.7490291595459,1.0,58.11,1.84,148092779605.0,0.7848068334561862
2017-09-15,55.55,1.1959,43.624977111816406,13235.8,7.61,20.0134449005127,1.009999990463257,57.69,1.79,194540627207.5,0.4177545691905916
2017-09-14,55.27,1.1913,43.36661148071289,13232.11,7.61,19.95873641967773,1.027999997138977,57.5,1.77,164736551455.0,-0.7251381215469642
2017-09-13,55.14,1.18855,43.25178909301758,13232.1,7.62,19.8675594329834,1.01800000667572,57.96,1.78,201976860867.5,0.3636363636363651
2017-09-12,54.22,1.19655,43.48143768310547,13261.94,7.62,19.99520874023438,1.01800000667572,57.71,1.74,195578117007.5,0.9268975166142028
2017-09-11,53.86,1.1954,43.5292854309082,13165.64,7.61,20.05903053283691,1.019999980926514,57.22,1.69,145745192365.0,-0.11782675103644348
2017-09-08,53.76,1.2035,42.95514297485352,13081.33,7.6,19.7216739654541,1.019999980926514,57.3675,1.67,201692374695.0,0.7684876163709821
2017-09-07,54.53,1.2021,43.24221420288086,12920.34,7.6,19.90403175354004,1.023000001907349,56.9,1.67,186289771797.5,-0.7846556233653058
2017-09-06,54.19,1.1921,42.92643737792969,12944.91,7.62,19.730792999267575,1.037999987602234,57.35,1.71,152700896830.0,-0.26086956521738885
2017-09-05,53.13,1.1914,42.64893341064453,12876.96,7.69,19.45726013183594,0.9829999804496764,57.52,1.54,207179932295.0,-0.4370591544419883
2017-09-01,52.73,1.18615,43.21350860595703,12938.95,7.74,19.68520355224609,0.9850000143051147,57.52,1.55,235875886105.0,-0.9258063127072202
2017-08-31,52.75,1.1904,42.89773559570312,13016.65,7.78,19.43902397155762,0.977999985218048,58.02,1.52,169146410337.5,-0.9728622631848444
2017-08-30,50.66,1.18835,42.83074569702148,12930.98,7.81,19.09255027770996,0.9980000257492064,58.56,1.5,196267422822.5,-0.3827507017096101
2017-08-29,51.97,1.19795,42.76376724243164,12779.99,7.83,18.90107727050781,1.009999990463257,58.835,1.49,187786383660.0,0.5211002904493417
2017-08-28,52.05,1.1976,42.8403205871582,12772.33,7.81,18.9831371307373,1.004999995231628,58.435,1.51,145806370645.0,-0.5150031921685378
2017-08-25,52.31,1.19255,42.99342346191406,12708.35,7.81,18.91019630432129,0.9950000047683716,58.575,1.54,172436716225.0,-0.9218538565629136
2017-08-24,52.15,1.1799,42.74462509155273,12661.76,7.8,18.68225288391113,0.9980000257492064,59.1575,1.54,122139787092.5,0.13117806364251958
2017-08-23,52.51,1.1815,42.61066055297852,12561.01,7.8,18.68225288391113,0.9800000190734864,59.065,1.44,125630427742.5,0.004232804232800383
2017-08-22,51.6,1.17625,42.40971755981445,12477.91,7.82,18.51813316345215,0.9950000047683716,59.07,1.43,122638996747.5,-0.05076142131979888
2017-08-21,51.65,1.1814,41.940834045410156,12409.21,7.82,18.39960289001465,0.9649999737739564,59.145,1.51,132308577782.5,0.07614213197969831
2017-08-18,52.84,1.1762,41.78772735595703,12363.32,7.81,18.4725456237793,0.9879999756813048,59.0,1.44,156928322260.0,-0.41353700734238746
2017-08-17,50.88,1.172,41.43367385864258,12431.16,7.83,18.32666015625,0.977999985218048,59.225,1.38,185583369930.0,-0.3239786258257171
2017-08-16,50.35,1.17665,41.96954345703125,12452.69,7.85,18.34489822387695,0.9850000143051147,59.3775,1.44,166535906407.5,-0.5693473437434645
2017-08-15,50.97,1.1738,41.5389404296875,12512.04,7.85,18.28107070922852,1.0080000162124632,59.7125,1.39,149225115785.0,-0.2838892831795628
2017-08-14,50.64,1.17855,41.49109268188477,12520.4,7.85,18.22636413574219,1.003000020980835,59.87,1.41,156317958815.0,0.15055202408831767
2017-08-11,52.04,1.18275,41.07005310058594,12476.55,7.89,18.19901084899902,1.013000011444092,59.8625,1.4,182259534055.0,-0.5606312292358898
2017-08-10,51.87,1.17765,40.97436904907227,12585.33,7.88,18.23548316955566,1.01800000667572,60.11,1.44,213111145705.0,0.18750781282552964
2017-08-09,52.75,1.17555,41.96954345703125,12696.13,7.91,18.5090160369873,1.024999976158142,59.9825,1.46,180505309460.0,0.04586773413393947
2017-08-08,52.0,1.1753,42.352294921875,12816.88,7.92,18.5090160369873,1.029999971389771,59.8175,1.47,173237403880.0,-0.43277433315300734
2017-08-07,52.25,1.17945,42.34273147583008,12686.95,7.89,18.46342658996582,1.032999992370605,60.0325,1.47,170143373247.5,-0.033304192165194
2017-08-04,52.39,1.1779,42.0556640625,12584.05,7.91,18.34489822387695,1.052999973297119,59.97,1.49,175255706935.0,-0.7447864945382371
2017-08-03,51.9,1.1872,41.90255737304688,12668.57,7.96,18.25371932983398,1.0579999685287478,60.36,1.48,207691651100.0,-0.4781533388293473
2017-08-02,52.31,1.1855,42.07479858398438,12684.03,7.98,18.30842399597168,1.049999952316284,60.59,1.51,206672918925.0,0.2481800132362768
2017-08-01,51.32,1.17995,42.03652572631836,12496.28,7.97,18.17165946960449,1.0579999685287478,60.35,1.49,174064304632.5,0.7764882691826057
2017-07-31,52.74,1.1839,41.91212844848633,12345.46,7.98,18.24460029602051,1.052999973297119,59.78,1.49,223450605320.0,0.2347417840375597
2017-07-28,52.6,1.1752,41.8642807006836,12340.21,7.96,18.21724700927734,1.052999973297119,59.565,1.51,150210083230.0,0.04198857910648065
2017-07-27,51.56,1.1676,41.8834228515625,12518.88,7.96,18.33577919006348,1.077999949455261,59.4975,1.52,188409164787.5,0.13042746549983267
2017-07-26,50.93,1.17295,42.11307907104492,12430.6,8.0,18.43607330322266,1.095000028610229,59.3975,1.51,156035716602.5,-0.772636151019042
2017-07-25,50.88,1.16465,41.768592834472656,12373.64,8.03,18.12607002258301,1.14300000667572,59.87,1.53,193918602137.5,-0.19171459531549886
2017-07-24,48.67,1.16405,41.87385177612305,12428.65,8.03,18.08048248291016,1.149999976158142,60.005,1.55,241736733135.0,1.014267076301501
2017-07-21,47.96,1.16645,41.74945449829102,12386.57,7.94,18.23548316955566,1.138000011444092,59.36,1.59,148848102170.0,0.6869646340429161
2017-07-20,49.33,1.16305,41.77816009521485,12542.6,7.96,18.49989891052246,1.11300003528595,58.935,1.53,151968374527.5,-0.1609351177367421
2017-07-19,49.67,1.15155,41.82600402832031,12575.04,7.97,18.56372261047363,1.0850000381469729,59.0,1.55,176212178705.0,-0.4723346828610006
2017-07-18,48.71,1.15555,41.48152542114258,12550.22,7.96,18.26283836364746,1.0399999618530271,59.18,1.55,159755931742.5,-0.2191873208565209
2017-07-17,48.39,1.14785,41.35712432861328,12637.53,7.96,18.28107070922852,1.019999980926514,59.3275,1.56,178778610622.5,0.3297678941360509
2017-07-14,49.2,1.1471,41.54850387573242,12654.16,7.97,18.42695617675781,1.0080000162124632,59.09,1.54,233706232342.5,-1.4263074484944485
2017-07-13,48.44,1.14,41.03178405761719,12638.9,8.01,18.16254234313965,1.013000011444092,59.8225,1.56,204354802785.0,-0.4575897499895978
2017-07-12,47.69,1.1416,40.830833435058594,12627.75,8.03,17.96195220947266,1.023000001907349,60.005,1.57,240866147745.0,-1.0675569844606585
2017-07-11,48.26,1.1462,40.05574417114258,12513.93,8.06,17.542533874511722,1.032999992370605,60.76,1.58,198623502087.5,0.6835411574630289
2017-07-10,47.02,1.1401,39.73040390014648,12439.83,8.03,17.5516529083252,1.013000011444092,60.23,1.55,150894327205.0,-0.1202271879275405
2017-07-07,46.73,1.13985,39.35721206665039,12354.37,8.07,17.39665222167969,1.0080000162124632,60.355,1.55,256153540622.5,-0.07450331125828097
2017-07-06,47.93,1.1421,39.28065872192383,12434.69,8.03,17.37841606140137,1.0080000162124632,60.16,1.55,240446115767.5,0.0956698972588452
2017-07-05,48.23,1.1347,39.75910949707031,12420.31,7.97,17.4331226348877,1.019999980926514,59.9825,1.53,287422606030.0,1.1509274873524529
2017-07-03,49.67,1.13595,39.83565902709961,12314.77,7.93,17.49694633483887,1.0,59.265,1.52,147242423965.0,0.534351145038164
2017-06-30,48.99,1.14195,39.60600662231445,12146.89,7.92,17.47871208190918,0.9929999709129332,58.93,1.54,186548664560.0,-0.7285744367235164
2017-06-29,47.37,1.1439,39.4241943359375,12166.8,7.92,17.19606018066406,1.003000020980835,59.425,1.47,217975554080.0,0.4436932178322345
2017-06-28,47.44,1.13775,39.93134689331055,12242.97,7.93,17.49694633483887,0.9850000143051147,59.2,1.47,242996412262.5,-0.08017215916283292
2017-06-27,46.15,1.1346,39.62513732910156,12158.24,7.9,17.12311935424805,0.9900000095367432,59.49,1.48,221613845855.0,1.341510157148335
2017-06-26,45.95,1.11835,40.09402084350586,12016.71,7.87,17.2325325012207,0.9330000281333924,58.77,1.45,211353438332.5,-0.7095793208312124
2017-06-23,45.66,1.1199,39.71126174926758,12055.64,7.91,17.186943054199222,0.9330000281333924,59.385,1.43,218510158967.5,-0.6275100401606426
2017-06-22,45.28,1.11505,39.5007438659668,12015.95,7.95,16.87693977355957,0.9330000281333924,59.9375,1.35,290918060010.0,-0.44431525620795337
2017-06-21,44.77,1.1166,39.29980087280273,11975.31,7.98,16.56693649291992,0.9679999947547911,60.3225,1.35,367306557017.5,1.2632197414806072
2017-06-20,45.83,1.1131,39.21367263793945,12038.31,8.01,16.82223320007324,0.9929999709129332,59.6325,1.35,371021441927.5,2.1279328652166463
2017-06-19,46.89,1.1147,39.65193176269531,11988.58,8.01,17.19606018066406,0.9850000143051147,58.4425,1.37,242927121572.5,1.3922623178348403
2017-06-16,47.31,1.1201,39.26141357421875,11797.31,7.93,17.09576416015625,0.9850000143051147,57.77,1.34,226769316402.5,-0.14691902169215065
2017-06-15,46.87,1.11475,39.19474411010742,11762.24,7.86,17.11400032043457,0.9929999709129332,57.89,1.35,317508065235.0,0.6388804380894427
2017-06-14,46.98,1.122,39.60430908203125,11883.73,7.81,17.186943054199222,0.9829999804496764,57.435,1.22,266726219737.5,0.8737650933040655
2017-06-13,48.32,1.12125,39.61383438110352,12028.43,7.79,17.77047729492188,0.9829999804496764,56.98,1.22,147418267932.5,0.057070108433204036
2017-06-09,48.26,1.1196,39.63288879394531,12171.87,7.81,17.67930030822754,0.9800000190734864,57.03,1.22,122304226785.0,0.01315270288044243
2017-06-08,47.95,1.1211,39.93767929077148,12108.01,7.84,17.77047729492188,0.9729999899864196,56.9175,1.22,146202603225.0,-0.21476157082749348
2017-06-07,48.2,1.12545,39.699562072753906,12054.03,7.83,17.7066535949707,0.9729999899864196,57.0825,1.22,230298557295.0,0.9461072549626486
2017-06-06,49.87,1.1282,39.7471809387207,12056.12,7.85,18.025775909423828,0.9580000042915344,56.52,1.22,153106824192.5,-0.11487143235839485
2017-06-05,49.47,1.1262,39.728126525878906,12113.86,7.85,17.93459892272949,0.9480000138282776,56.6,1.22,153798462572.5,0.2657218777679337
2017-06-02,50.11,1.1282,39.7757568359375,12147.12,7.86,17.95283317565918,0.953000009059906,56.6575,1.21,190075365600.0,0.20781747435443884
2017-06-01,50.25,1.121,39.57573318481445,12051.59,7.88,17.88900947570801,0.9480000138282776,56.385,1.21,167769349130.0,-0.3446447507953346
2017-05-31,51.24,1.12415,39.24236679077148,12272.49,7.94,18.01665878295898,0.9499999880790708,56.56,1.21,176109653315.0,-0.2293173399188489
2017-05-30,51.9,1.11905,39.54716110229492,12516.36,7.93,18.52725219726562,0.9100000262260436,56.54,1.22,137348898590.0,-0.07952637624812531
2017-05-26,52.26,1.1182,39.75670623779297,12504.54,7.95,18.51813316345215,0.9100000262260436,56.5,1.22,196588899120.0,-0.5894255300431087
2017-05-25,51.21,1.1207,39.61383438110352,12600.99,7.9,18.39048385620117,0.9079999923706056,56.96,1.22,277764735865.0,1.510358654488757
2017-05-24,53.92,1.12175,39.42333984375,12631.5,7.89,18.7096061706543,0.9049999713897704,56.405,1.22,212056378945.0,0.13314397301615985
2017-05-23,54.16,1.1184,39.27093887329102,12689.85,7.85,18.80078506469727,0.912999987602234,56.36,1.23,225103591495.0,-0.5294740557712623
2017-05-22,53.8,1.1238,39.23283386230469,12640.38,7.85,18.6275463104248,0.878000020980835,56.64,1.23,208836337942.5,0.08393338339885928
2017-05-19,53.77,1.1209,39.19474411010742,12713.1,7.88,18.4725456237793,0.8880000114440918,56.9,1.23,196046371677.5,-0.6113537117903955
2017-05-18,52.47,1.10965,38.3755989074707,12759.47,7.95,18.30842399597168,0.8930000066757202,57.58,1.22,377192979590.0,0.5412956172516067
2017-05-17,52.14,1.116,39.02329635620117,12946.53,7.86,18.61842918395996,0.875,57.085,1.23,204239392142.5,0.8925415341109978
2017-05-16,51.32,1.10895,39.699562072753906,12940.15,7.86,18.94666862487793,0.8899999856948853,56.58,1.23,158489523300.0,0.5509152301403859
2017-05-15,51.78,1.0977,39.66145706176758,13016.75,7.84,19.04696273803711,0.8629999756813049,56.345,1.23,192858577847.5,-0.59103740296401
2017-05-12,50.79,1.0931,39.26141357421875,12941.85,7.85,18.65489768981934,0.8550000190734863,57.085,1.23,137419625360.0,0.06573469477190311
2017-05-11,50.8,1.08645,39.09949111938477,13000.67,7.87,18.83725357055664,0.8600000143051147,57.05,1.2,196176818502.5,-0.5577828133170651
2017-05-10,50.28,1.08695,39.01376342773438,13165.26,7.95,18.83725357055664,0.875,57.435,1.19,170744173202.5,-1.4329843830444495
2017-05-05,49.43,1.09885,38.280357360839844,12993.12,8.02,18.52725219726562,0.8679999709129333,57.9325,1.19,299875345197.5,-1.3243059104070916
2017-05-04,48.48,1.0984,37.96603393554688,12974.66,7.92,18.23548316955566,0.8550000190734863,58.3975,1.18,289755811332.5,1.68465958558245
2017-05-03,50.55,1.0885,38.39465713500977,12946.36,7.86,18.60931205749512,0.8479999899864197,57.3825,1.18,145179771475.0,0.5960468072051601
2017-05-02,50.91,1.09245,38.65182876586914,13132.77,7.86,18.96490287780762,0.8429999947547913,57.0,1.21,128772206835.0,0.03510003510004059
2017-04-28,51.69,1.08995,38.15652847290039,13074.91,7.88,19.03784370422363,0.7799999713897705,56.9225,1.23,187505582752.5,-0.13596491228070273
2017-04-27,51.66,1.0871,38.09938430786133,13047.43,7.95,18.9831371307373,0.7850000262260437,56.9725,1.21,221340865922.5,0.039508340649681735
2017-04-26,51.52,1.09035,38.147010803222656,13171.18,7.93,18.79166603088379,0.8029999732971191,57.16,1.21,229003058617.5,1.7081850533807716
2017-04-25,51.83,1.0936,38.28987884521485,12982.77,7.92,18.96490287780762,0.8080000281333923,56.1675,1.2,174351895082.5,0.7308106169296967
2017-04-24,51.56,1.08685,37.95650863647461,12860.19,7.88,18.80078506469727,0.7699999809265137,55.8475,1.28,190717399610.0,-0.2901267630780244
2017-04-21,52.01,1.0695,37.42312240600586,12627.32,7.97,18.36313056945801,0.7630000114440918,56.455,1.2,159314597140.0,0.5610972568578513
2017-04-20,52.96,1.07175,37.42312240600586,12542.11,8.1,18.33577919006348,0.7699999809265137,56.1975,1.17,133355617952.5,-0.6189486714708898
2017-04-19,53.02,1.0711,36.96592712402344,12421.82,8.14,18.04401206970215,0.7850000262260437,56.5675,1.17,186075717302.5,0.5823257467994319
2017-04-18,54.78,1.07305,37.19451904296875,12440.99,8.19,18.24460029602051,0.8050000071525574,56.25,1.14,157462927637.5,0.4643686372566495
2017-04-17,55.49,1.0645,37.67076873779297,12571.18,8.18,18.54548645019531,0.7900000214576721,55.9425,1.14,135734741660.0,-0.6526371870005323
2017-04-13,55.68,1.06145,37.28024673461914,12605.27,8.23,18.29018974304199,0.7900000214576721,56.2825,1.16,171768410035.0,-0.6180196883415024
2017-04-12,55.59,1.067,37.44216537475586,12628.69,8.25,18.21724700927734,0.7929999828338623,56.595,1.18,183269208755.0,-0.3433703116745911
2017-04-11,56.3,1.06065,37.26119613647461,12831.24,8.21,18.49989891052246,0.8000000119209291,56.8975,1.19,188719726635.0,-0.37208895114690704
2017-04-10,56.03,1.05945,37.346923828125,12808.47,8.21,18.32666015625,0.7879999876022339,57.1675,1.19,181376448027.5,-0.5782608695652228
2017-04-07,55.27,1.05925,37.49931716918945,13119.34,8.15,18.78254890441895,0.7979999780654907,57.25,1.19,257739764480.0,0.4694423726582693
2017-04-06,54.87,1.0644,37.56599426269531,13353.38,8.11,19.40255546569824,0.7879999876022339,56.3975,1.19,174155925822.5,0.11982957571454385
2017-04-05,54.09,1.06765,37.63266372680664,13373.54,8.12,19.42078971862793,0.7799999713897705,56.38,1.25,215531741182.5,0.66059632208535
2017-04-04,54.29,1.0674,37.74696350097656,13162.65,8.19,19.27490425109863,0.7799999713897705,56.09,1.32,171859298410.0,-0.6729236762882866
2017-04-03,53.17,1.0672,37.72790908813477,13034.62,8.16,19.08343315124512,0.7400000095367432,56.115,1.39,184372599850.0,0.1338329764454012
2017-03-31,53.66,1.0659999999999998,37.51836395263672,12953.76,8.15,18.84637069702148,0.7379999756813049,56.28,1.35,231823562527.5,0.32085561497326154
2017-03-30,53.0,1.0675,37.78506088256836,13133.87,8.13,19.16549301147461,0.7580000162124634,56.08,1.33,225126923690.0,-0.9537265983751312
2017-03-29,52.41,1.0765,37.985084533691406,13160.05,8.19,19.01960945129395,0.7549999952316284,56.61,1.32,163865984792.5,-0.8885192804306916
2017-03-28,51.33,1.08125,37.91841506958008,13230.32,8.19,18.99225616455078,0.7730000019073486,57.0075,1.33,161941631010.0,0.1669229079727632
2017-03-27,50.79,1.08655,37.813636779785156,13098.4,8.19,18.91019630432129,0.7580000162124634,56.9025,1.32,198407914915.0,-0.07463341821054854
2017-03-24,51.03,1.08005,37.91841506958008,13269.06,8.19,19.10166931152344,0.7480000257492065,56.88,1.34,175969631705.0,-0.9749303621169834
2017-03-23,50.54,1.07835,37.82316207885742,13359.27,8.21,18.9831371307373,0.7480000257492065,57.465,1.34,215347240020.0,-0.3813816416746101
2017-03-22,50.73,1.0798,37.813636779785156,13430.48,8.22,19.05607986450195,0.7480000257492065,57.7875,1.34,316242807595.0,0.06926706783843309
2017-03-21,50.93,1.081,37.63266372680664,13335.21,8.19,18.99225616455078,0.753000020980835,57.7,1.31,261042507345.0,0.7508294045748205
2017-03-20,51.66,1.0742,38.0517578125,13281.49,8.18,18.99225616455078,0.7099999785423279,57.3025,1.31,201350419762.5,-0.04796790511075581
2017-03-17,51.75,1.0736,37.61361694335938,13247.03,8.21,19.04696273803711,0.7080000042915344,57.22,1.31,220509834865.0,-0.9520512376666164
2017-03-16,51.74,1.07675,37.68029022216797,13093.18,8.22,18.6275463104248,0.7080000042915344,57.79,1.29,332384105652.5,-1.1291702309666445
2017-03-15,51.97,1.07255,37.45169448852539,12957.17,8.28,18.42695617675781,0.7149999737739563,58.39,1.16,216542510785.0,-1.2806965636755574
2017-03-14,51.56,1.06,36.49920654296875,13016.08,8.33,17.87989234924316,0.753000020980835,59.16,1.17,309106302985.0,0.4840764331210133
2017-03-13,51.43,1.06545,36.70875930786133,13023.33,8.34,18.13518714904785,0.7279999852180481,58.7725,1.16,162069250580.0,-0.4910052910052896
2017-03-10,51.31,1.0694,36.20393753051758,12858.98,8.37,17.77959632873535,0.7250000238418579,58.9975,1.15,237004908557.5,-0.3673055813560772
2017-03-09,52.62,1.0587,35.80389404296875,12855.85,8.42,17.63371086120605,0.7129999995231628,59.3175,1.15,357006267522.5,0.7131032726346648
